;Provincia;Comunidad;Fecha;Salario;Salario_normalizado
0;Almeria;Andalucia;2022-01-01;19.884;1.0
1;Cadiz;Andalucia;2022-01-01;19.884;1.0
2;Cordoba;Andalucia;2022-01-01;19.884;1.0
3;Granada;Andalucia;2022-01-01;19.884;1.0
4;Huelva;Andalucia;2022-01-01;19.884;1.0
5;Jaen;Andalucia;2022-01-01;19.884;1.0
6;Malaga;Andalucia;2022-01-01;19.884;1.0
7;Sevilla;Andalucia;2022-01-01;19.884;1.0
8;Almeria;Andalucia;2021-01-01;19.522;0.8558917197452222
9;Cadiz;Andalucia;2021-01-01;19.522;0.8558917197452222
10;Cordoba;Andalucia;2021-01-01;19.522;0.8558917197452222
11;Granada;Andalucia;2021-01-01;19.522;0.8558917197452222
12;Huelva;Andalucia;2021-01-01;19.522;0.8558917197452222
13;Jaen;Andalucia;2021-01-01;19.522;0.8558917197452222
14;Malaga;Andalucia;2021-01-01;19.522;0.8558917197452222
15;Sevilla;Andalucia;2021-01-01;19.522;0.8558917197452222
16;Almeria;Andalucia;2020-01-01;18.767;0.5553343949044584
17;Cadiz;Andalucia;2020-01-01;18.767;0.5553343949044584
18;Cordoba;Andalucia;2020-01-01;18.767;0.5553343949044584
19;Granada;Andalucia;2020-01-01;18.767;0.5553343949044584
20;Huelva;Andalucia;2020-01-01;18.767;0.5553343949044584
21;Jaen;Andalucia;2020-01-01;18.767;0.5553343949044584
22;Malaga;Andalucia;2020-01-01;18.767;0.5553343949044584
23;Sevilla;Andalucia;2020-01-01;18.767;0.5553343949044584
24;Almeria;Andalucia;2019-01-01;18.672;0.5175159235668791
25;Cadiz;Andalucia;2019-01-01;18.672;0.5175159235668791
26;Cordoba;Andalucia;2019-01-01;18.672;0.5175159235668791
27;Granada;Andalucia;2019-01-01;18.672;0.5175159235668791
28;Huelva;Andalucia;2019-01-01;18.672;0.5175159235668791
29;Jaen;Andalucia;2019-01-01;18.672;0.5175159235668791
30;Malaga;Andalucia;2019-01-01;18.672;0.5175159235668791
31;Sevilla;Andalucia;2019-01-01;18.672;0.5175159235668791
32;Almeria;Andalucia;2018-01-01;18.317;0.3761942675159236
33;Cadiz;Andalucia;2018-01-01;18.317;0.3761942675159236
34;Cordoba;Andalucia;2018-01-01;18.317;0.3761942675159236
35;Granada;Andalucia;2018-01-01;18.317;0.3761942675159236
36;Huelva;Andalucia;2018-01-01;18.317;0.3761942675159236
37;Jaen;Andalucia;2018-01-01;18.317;0.3761942675159236
38;Malaga;Andalucia;2018-01-01;18.317;0.3761942675159236
39;Sevilla;Andalucia;2018-01-01;18.317;0.3761942675159236
40;Almeria;Andalucia;2017-01-01;18.252;0.35031847133757915
41;Cadiz;Andalucia;2017-01-01;18.252;0.35031847133757915
42;Cordoba;Andalucia;2017-01-01;18.252;0.35031847133757915
43;Granada;Andalucia;2017-01-01;18.252;0.35031847133757915
44;Huelva;Andalucia;2017-01-01;18.252;0.35031847133757915
45;Jaen;Andalucia;2017-01-01;18.252;0.35031847133757915
46;Malaga;Andalucia;2017-01-01;18.252;0.35031847133757915
47;Sevilla;Andalucia;2017-01-01;18.252;0.35031847133757915
48;Almeria;Andalucia;2016-01-01;18.052;0.270700636942675
49;Cadiz;Andalucia;2016-01-01;18.052;0.270700636942675
50;Cordoba;Andalucia;2016-01-01;18.052;0.270700636942675
51;Granada;Andalucia;2016-01-01;18.052;0.270700636942675
52;Huelva;Andalucia;2016-01-01;18.052;0.270700636942675
53;Jaen;Andalucia;2016-01-01;18.052;0.270700636942675
54;Malaga;Andalucia;2016-01-01;18.052;0.270700636942675
55;Sevilla;Andalucia;2016-01-01;18.052;0.270700636942675
56;Almeria;Andalucia;2015-01-01;18.102;0.2906050955414014
57;Cadiz;Andalucia;2015-01-01;18.102;0.2906050955414014
58;Cordoba;Andalucia;2015-01-01;18.102;0.2906050955414014
59;Granada;Andalucia;2015-01-01;18.102;0.2906050955414014
60;Huelva;Andalucia;2015-01-01;18.102;0.2906050955414014
61;Jaen;Andalucia;2015-01-01;18.102;0.2906050955414014
62;Malaga;Andalucia;2015-01-01;18.102;0.2906050955414014
63;Sevilla;Andalucia;2015-01-01;18.102;0.2906050955414014
64;Almeria;Andalucia;2014-01-01;18.034;0.26353503184713334
65;Cadiz;Andalucia;2014-01-01;18.034;0.26353503184713334
66;Cordoba;Andalucia;2014-01-01;18.034;0.26353503184713334
67;Granada;Andalucia;2014-01-01;18.034;0.26353503184713334
68;Huelva;Andalucia;2014-01-01;18.034;0.26353503184713334
69;Jaen;Andalucia;2014-01-01;18.034;0.26353503184713334
70;Malaga;Andalucia;2014-01-01;18.034;0.26353503184713334
71;Sevilla;Andalucia;2014-01-01;18.034;0.26353503184713334
72;Almeria;Andalucia;2013-01-01;17.722;0.13933121019108335
73;Cadiz;Andalucia;2013-01-01;17.722;0.13933121019108335
74;Cordoba;Andalucia;2013-01-01;17.722;0.13933121019108335
75;Granada;Andalucia;2013-01-01;17.722;0.13933121019108335
76;Huelva;Andalucia;2013-01-01;17.722;0.13933121019108335
77;Jaen;Andalucia;2013-01-01;17.722;0.13933121019108335
78;Malaga;Andalucia;2013-01-01;17.722;0.13933121019108335
79;Sevilla;Andalucia;2013-01-01;17.722;0.13933121019108335
80;Almeria;Andalucia;2012-01-01;17.91;0.21417197452229306
81;Cadiz;Andalucia;2012-01-01;17.91;0.21417197452229306
82;Cordoba;Andalucia;2012-01-01;17.91;0.21417197452229306
83;Granada;Andalucia;2012-01-01;17.91;0.21417197452229306
84;Huelva;Andalucia;2012-01-01;17.91;0.21417197452229306
85;Jaen;Andalucia;2012-01-01;17.91;0.21417197452229306
86;Malaga;Andalucia;2012-01-01;17.91;0.21417197452229306
87;Sevilla;Andalucia;2012-01-01;17.91;0.21417197452229306
88;Almeria;Andalucia;2011-01-01;18.194;0.32722929936305695
89;Cadiz;Andalucia;2011-01-01;18.194;0.32722929936305695
90;Cordoba;Andalucia;2011-01-01;18.194;0.32722929936305695
91;Granada;Andalucia;2011-01-01;18.194;0.32722929936305695
92;Huelva;Andalucia;2011-01-01;18.194;0.32722929936305695
93;Jaen;Andalucia;2011-01-01;18.194;0.32722929936305695
94;Malaga;Andalucia;2011-01-01;18.194;0.32722929936305695
95;Sevilla;Andalucia;2011-01-01;18.194;0.32722929936305695
96;Almeria;Andalucia;2010-01-01;17.566;0.07722929936305693
97;Cadiz;Andalucia;2010-01-01;17.566;0.07722929936305693
98;Cordoba;Andalucia;2010-01-01;17.566;0.07722929936305693
99;Granada;Andalucia;2010-01-01;17.566;0.07722929936305693
100;Huelva;Andalucia;2010-01-01;17.566;0.07722929936305693
101;Jaen;Andalucia;2010-01-01;17.566;0.07722929936305693
102;Malaga;Andalucia;2010-01-01;17.566;0.07722929936305693
103;Sevilla;Andalucia;2010-01-01;17.566;0.07722929936305693
104;Almeria;Andalucia;2009-01-01;17.866;0.19665605095541389
105;Cadiz;Andalucia;2009-01-01;17.866;0.19665605095541389
106;Cordoba;Andalucia;2009-01-01;17.866;0.19665605095541389
107;Granada;Andalucia;2009-01-01;17.866;0.19665605095541389
108;Huelva;Andalucia;2009-01-01;17.866;0.19665605095541389
109;Jaen;Andalucia;2009-01-01;17.866;0.19665605095541389
110;Malaga;Andalucia;2009-01-01;17.866;0.19665605095541389
111;Sevilla;Andalucia;2009-01-01;17.866;0.19665605095541389
112;Almeria;Andalucia;2008-01-01;17.372;0.0
113;Cadiz;Andalucia;2008-01-01;17.372;0.0
114;Cordoba;Andalucia;2008-01-01;17.372;0.0
115;Granada;Andalucia;2008-01-01;17.372;0.0
116;Huelva;Andalucia;2008-01-01;17.372;0.0
117;Jaen;Andalucia;2008-01-01;17.372;0.0
118;Malaga;Andalucia;2008-01-01;17.372;0.0
119;Sevilla;Andalucia;2008-01-01;17.372;0.0
120;Huesca;Aragon;2022-01-01;22.734;1.0
121;Teruel;Aragon;2022-01-01;22.734;1.0
122;Zaragoza;Aragon;2022-01-01;22.734;1.0
123;Huesca;Aragon;2021-01-01;22.22;0.8591394902713064
124;Teruel;Aragon;2021-01-01;22.22;0.8591394902713064
125;Zaragoza;Aragon;2021-01-01;22.22;0.8591394902713064
126;Huesca;Aragon;2020-01-01;21.208;0.5818032337626738
127;Teruel;Aragon;2020-01-01;21.208;0.5818032337626738
128;Zaragoza;Aragon;2020-01-01;21.208;0.5818032337626738
129;Huesca;Aragon;2019-01-01;20.605;0.41655248013154267
130;Teruel;Aragon;2019-01-01;20.605;0.41655248013154267
131;Zaragoza;Aragon;2019-01-01;20.605;0.41655248013154267
132;Huesca;Aragon;2018-01-01;20.86;0.48643463962729466
133;Teruel;Aragon;2018-01-01;20.86;0.48643463962729466
134;Zaragoza;Aragon;2018-01-01;20.86;0.48643463962729466
135;Huesca;Aragon;2017-01-01;20.198;0.30501507262263616
136;Teruel;Aragon;2017-01-01;20.198;0.30501507262263616
137;Zaragoza;Aragon;2017-01-01;20.198;0.30501507262263616
138;Huesca;Aragon;2016-01-01;19.418;0.09125787887092308
139;Teruel;Aragon;2016-01-01;19.418;0.09125787887092308
140;Zaragoza;Aragon;2016-01-01;19.418;0.09125787887092308
141;Huesca;Aragon;2015-01-01;19.589;0.13812003288572147
142;Teruel;Aragon;2015-01-01;19.589;0.13812003288572147
143;Zaragoza;Aragon;2015-01-01;19.589;0.13812003288572147
144;Huesca;Aragon;2014-01-01;19.54;0.1246916963551653
145;Teruel;Aragon;2014-01-01;19.54;0.1246916963551653
146;Zaragoza;Aragon;2014-01-01;19.54;0.1246916963551653
147;Huesca;Aragon;2013-01-01;19.095;0.002740476842970131
148;Teruel;Aragon;2013-01-01;19.095;0.002740476842970131
149;Zaragoza;Aragon;2013-01-01;19.095;0.002740476842970131
150;Huesca;Aragon;2012-01-01;19.095;0.002740476842970131
151;Teruel;Aragon;2012-01-01;19.095;0.002740476842970131
152;Zaragoza;Aragon;2012-01-01;19.095;0.002740476842970131
153;Huesca;Aragon;2011-01-01;19.647;0.15401479857495134
154;Teruel;Aragon;2011-01-01;19.647;0.15401479857495134
155;Zaragoza;Aragon;2011-01-01;19.647;0.15401479857495134
156;Huesca;Aragon;2010-01-01;19.552;0.12798026856673023
157;Teruel;Aragon;2010-01-01;19.552;0.12798026856673023
158;Zaragoza;Aragon;2010-01-01;19.552;0.12798026856673023
159;Huesca;Aragon;2009-01-01;19.413;0.08988764044943802
160;Teruel;Aragon;2009-01-01;19.413;0.08988764044943802
161;Zaragoza;Aragon;2009-01-01;19.413;0.08988764044943802
162;Huesca;Aragon;2008-01-01;19.085;0.0
163;Teruel;Aragon;2008-01-01;19.085;0.0
164;Zaragoza;Aragon;2008-01-01;19.085;0.0
165;Asturias;Principado de Asturias;2022-01-01;23.002;1.0
166;Asturias;Principado de Asturias;2021-01-01;21.975;0.7613847583643127
167;Asturias;Principado de Asturias;2020-01-01;21.332;0.6119888475836435
168;Asturias;Principado de Asturias;2019-01-01;21.559;0.6647304832713758
169;Asturias;Principado de Asturias;2018-01-01;20.89;0.509293680297398
170;Asturias;Principado de Asturias;2017-01-01;20.175;0.3431691449814128
171;Asturias;Principado de Asturias;2016-01-01;20.081;0.3213289962825278
172;Asturias;Principado de Asturias;2015-01-01;19.96;0.2932156133828998
173;Asturias;Principado de Asturias;2014-01-01;19.213;0.11965613382899645
174;Asturias;Principado de Asturias;2013-01-01;19.057;0.08341078066914459
175;Asturias;Principado de Asturias;2012-01-01;18.785;0.020213754646840096
176;Asturias;Principado de Asturias;2011-01-01;19.277;0.1345260223048329
177;Asturias;Principado de Asturias;2010-01-01;19.056;0.0831784386617102
178;Asturias;Principado de Asturias;2009-01-01;19.202;0.11710037174721225
179;Asturias;Principado de Asturias;2008-01-01;18.698;0.0
180;Islas Baleares;Islas Baleares;2022-01-01;23.134;1.0
181;Islas Baleares;Islas Baleares;2021-01-01;20.837;0.636608131624743
182;Islas Baleares;Islas Baleares;2020-01-01;20.241;0.5423192532827085
183;Islas Baleares;Islas Baleares;2019-01-01;20.277;0.5480145546590731
184;Islas Baleares;Islas Baleares;2018-01-01;20.121;0.5233349153614932
185;Islas Baleares;Islas Baleares;2017-01-01;19.264;0.3877551020408163
186;Islas Baleares;Islas Baleares;2016-01-01;18.847;0.32178452776459454
187;Islas Baleares;Islas Baleares;2015-01-01;18.61;0.2842904603701946
188;Islas Baleares;Islas Baleares;2014-01-01;18.714;0.3007435532352475
189;Islas Baleares;Islas Baleares;2013-01-01;18.031;0.19269102990033218
190;Islas Baleares;Islas Baleares;2012-01-01;18.089;0.2018667932289194
191;Islas Baleares;Islas Baleares;2011-01-01;18.403;0.25154247745609865
192;Islas Baleares;Islas Baleares;2010-01-01;18.406;0.252017085904129
193;Islas Baleares;Islas Baleares;2009-01-01;17.224;0.06502135738016157
194;Islas Baleares;Islas Baleares;2008-01-01;16.813;0.0
195;Las Palmas;Canarias;2022-01-01;19.214;1.0
196;Santa Cruz de Tenerife;Canarias;2022-01-01;19.214;1.0
197;Las Palmas;Canarias;2021-01-01;18.18;0.7036400114646033
198;Santa Cruz de Tenerife;Canarias;2021-01-01;18.18;0.7036400114646033
199;Las Palmas;Canarias;2020-01-01;17.702;0.5666380051590721
200;Santa Cruz de Tenerife;Canarias;2020-01-01;17.702;0.5666380051590721
201;Las Palmas;Canarias;2019-01-01;17.379;0.4740613356262546
202;Santa Cruz de Tenerife;Canarias;2019-01-01;17.379;0.4740613356262546
203;Las Palmas;Canarias;2018-01-01;17.414;0.48409286328460943
204;Santa Cruz de Tenerife;Canarias;2018-01-01;17.414;0.48409286328460943
205;Las Palmas;Canarias;2017-01-01;17.223;0.42934938377758664
206;Santa Cruz de Tenerife;Canarias;2017-01-01;17.223;0.42934938377758664
207;Las Palmas;Canarias;2016-01-01;16.834;0.3178561192318717
208;Santa Cruz de Tenerife;Canarias;2016-01-01;16.834;0.3178561192318717
209;Las Palmas;Canarias;2015-01-01;17.025;0.3725995987388935
210;Santa Cruz de Tenerife;Canarias;2015-01-01;17.025;0.3725995987388935
211;Las Palmas;Canarias;2014-01-01;16.509;0.22470621954714845
212;Santa Cruz de Tenerife;Canarias;2014-01-01;16.509;0.22470621954714845
213;Las Palmas;Canarias;2013-01-01;16.405;0.19489825164803717
214;Santa Cruz de Tenerife;Canarias;2013-01-01;16.405;0.19489825164803717
215;Las Palmas;Canarias;2012-01-01;16.585;0.24648896531957623
216;Santa Cruz de Tenerife;Canarias;2012-01-01;16.585;0.24648896531957623
217;Las Palmas;Canarias;2011-01-01;16.488;0.21868730295213532
218;Santa Cruz de Tenerife;Canarias;2011-01-01;16.488;0.21868730295213532
219;Las Palmas;Canarias;2010-01-01;15.897;0.049297793063915345
220;Santa Cruz de Tenerife;Canarias;2010-01-01;15.897;0.049297793063915345
221;Las Palmas;Canarias;2009-01-01;16.229;0.14445399828030947
222;Santa Cruz de Tenerife;Canarias;2009-01-01;16.229;0.14445399828030947
223;Las Palmas;Canarias;2008-01-01;15.725;0.0
224;Santa Cruz de Tenerife;Canarias;2008-01-01;15.725;0.0
225;Cantabria;Cantabria;2022-01-01;21.645;1.0
226;Cantabria;Cantabria;2021-01-01;20.872;0.8227470763586334
227;Cantabria;Cantabria;2020-01-01;20.086;0.6425131850493004
228;Cantabria;Cantabria;2019-01-01;20.114;0.6489337307956894
229;Cantabria;Cantabria;2018-01-01;18.911;0.3730795689062147
230;Cantabria;Cantabria;2017-01-01;19.092;0.4145838110525108
231;Cantabria;Cantabria;2016-01-01;18.59;0.2994725980279754
232;Cantabria;Cantabria;2015-01-01;18.861;0.3616143086448066
233;Cantabria;Cantabria;2014-01-01;18.515;0.28227470763586365
234;Cantabria;Cantabria;2013-01-01;17.632;0.07979821141939979
235;Cantabria;Cantabria;2012-01-01;17.284;0.0
236;Cantabria;Cantabria;2011-01-01;18.023;0.1694565466636094
237;Cantabria;Cantabria;2010-01-01;18.072;0.18069250171978907
238;Cantabria;Cantabria;2009-01-01;18.002;0.1646411373538179
239;Cantabria;Cantabria;2008-01-01;17.625;0.07819307498280234
240;Avila;Castilla y Leon;2022-01-01;20.678;1.0
241;Burgos;Castilla y Leon;2022-01-01;20.678;1.0
242;Leon;Castilla y Leon;2022-01-01;20.678;1.0
243;Palencia;Castilla y Leon;2022-01-01;20.678;1.0
244;Salamanca;Castilla y Leon;2022-01-01;20.678;1.0
245;Segovia;Castilla y Leon;2022-01-01;20.678;1.0
246;Soria;Castilla y Leon;2022-01-01;20.678;1.0
247;Valladolid;Castilla y Leon;2022-01-01;20.678;1.0
248;Zamora;Castilla y Leon;2022-01-01;20.678;1.0
249;Avila;Castilla y Leon;2021-01-01;20.344;0.9026522879626933
250;Burgos;Castilla y Leon;2021-01-01;20.344;0.9026522879626933
251;Leon;Castilla y Leon;2021-01-01;20.344;0.9026522879626933
252;Palencia;Castilla y Leon;2021-01-01;20.344;0.9026522879626933
253;Salamanca;Castilla y Leon;2021-01-01;20.344;0.9026522879626933
254;Segovia;Castilla y Leon;2021-01-01;20.344;0.9026522879626933
255;Soria;Castilla y Leon;2021-01-01;20.344;0.9026522879626933
256;Valladolid;Castilla y Leon;2021-01-01;20.344;0.9026522879626933
257;Zamora;Castilla y Leon;2021-01-01;20.344;0.9026522879626933
258;Avila;Castilla y Leon;2020-01-01;19.713;0.7187408918682601
259;Burgos;Castilla y Leon;2020-01-01;19.713;0.7187408918682601
260;Leon;Castilla y Leon;2020-01-01;19.713;0.7187408918682601
261;Palencia;Castilla y Leon;2020-01-01;19.713;0.7187408918682601
262;Salamanca;Castilla y Leon;2020-01-01;19.713;0.7187408918682601
263;Segovia;Castilla y Leon;2020-01-01;19.713;0.7187408918682601
264;Soria;Castilla y Leon;2020-01-01;19.713;0.7187408918682601
265;Valladolid;Castilla y Leon;2020-01-01;19.713;0.7187408918682601
266;Zamora;Castilla y Leon;2020-01-01;19.713;0.7187408918682601
267;Avila;Castilla y Leon;2019-01-01;19.153;0.5555231710871461
268;Burgos;Castilla y Leon;2019-01-01;19.153;0.5555231710871461
269;Leon;Castilla y Leon;2019-01-01;19.153;0.5555231710871461
270;Palencia;Castilla y Leon;2019-01-01;19.153;0.5555231710871461
271;Salamanca;Castilla y Leon;2019-01-01;19.153;0.5555231710871461
272;Segovia;Castilla y Leon;2019-01-01;19.153;0.5555231710871461
273;Soria;Castilla y Leon;2019-01-01;19.153;0.5555231710871461
274;Valladolid;Castilla y Leon;2019-01-01;19.153;0.5555231710871461
275;Zamora;Castilla y Leon;2019-01-01;19.153;0.5555231710871461
276;Avila;Castilla y Leon;2018-01-01;19.058;0.5278344505974932
277;Burgos;Castilla y Leon;2018-01-01;19.058;0.5278344505974932
278;Leon;Castilla y Leon;2018-01-01;19.058;0.5278344505974932
279;Palencia;Castilla y Leon;2018-01-01;19.058;0.5278344505974932
280;Salamanca;Castilla y Leon;2018-01-01;19.058;0.5278344505974932
281;Segovia;Castilla y Leon;2018-01-01;19.058;0.5278344505974932
282;Soria;Castilla y Leon;2018-01-01;19.058;0.5278344505974932
283;Valladolid;Castilla y Leon;2018-01-01;19.058;0.5278344505974932
284;Zamora;Castilla y Leon;2018-01-01;19.058;0.5278344505974932
285;Avila;Castilla y Leon;2017-01-01;18.672;0.41533080734479755
286;Burgos;Castilla y Leon;2017-01-01;18.672;0.41533080734479755
287;Leon;Castilla y Leon;2017-01-01;18.672;0.41533080734479755
288;Palencia;Castilla y Leon;2017-01-01;18.672;0.41533080734479755
289;Salamanca;Castilla y Leon;2017-01-01;18.672;0.41533080734479755
290;Segovia;Castilla y Leon;2017-01-01;18.672;0.41533080734479755
291;Soria;Castilla y Leon;2017-01-01;18.672;0.41533080734479755
292;Valladolid;Castilla y Leon;2017-01-01;18.672;0.41533080734479755
293;Zamora;Castilla y Leon;2017-01-01;18.672;0.41533080734479755
294;Avila;Castilla y Leon;2016-01-01;18.595;0.39288837073739397
295;Burgos;Castilla y Leon;2016-01-01;18.595;0.39288837073739397
296;Leon;Castilla y Leon;2016-01-01;18.595;0.39288837073739397
297;Palencia;Castilla y Leon;2016-01-01;18.595;0.39288837073739397
298;Salamanca;Castilla y Leon;2016-01-01;18.595;0.39288837073739397
299;Segovia;Castilla y Leon;2016-01-01;18.595;0.39288837073739397
300;Soria;Castilla y Leon;2016-01-01;18.595;0.39288837073739397
301;Valladolid;Castilla y Leon;2016-01-01;18.595;0.39288837073739397
302;Zamora;Castilla y Leon;2016-01-01;18.595;0.39288837073739397
303;Avila;Castilla y Leon;2015-01-01;18.382;0.3308073447974355
304;Burgos;Castilla y Leon;2015-01-01;18.382;0.3308073447974355
305;Leon;Castilla y Leon;2015-01-01;18.382;0.3308073447974355
306;Palencia;Castilla y Leon;2015-01-01;18.382;0.3308073447974355
307;Salamanca;Castilla y Leon;2015-01-01;18.382;0.3308073447974355
308;Segovia;Castilla y Leon;2015-01-01;18.382;0.3308073447974355
309;Soria;Castilla y Leon;2015-01-01;18.382;0.3308073447974355
310;Valladolid;Castilla y Leon;2015-01-01;18.382;0.3308073447974355
311;Zamora;Castilla y Leon;2015-01-01;18.382;0.3308073447974355
312;Avila;Castilla y Leon;2014-01-01;17.688;0.12853395511512644
313;Burgos;Castilla y Leon;2014-01-01;17.688;0.12853395511512644
314;Leon;Castilla y Leon;2014-01-01;17.688;0.12853395511512644
315;Palencia;Castilla y Leon;2014-01-01;17.688;0.12853395511512644
316;Salamanca;Castilla y Leon;2014-01-01;17.688;0.12853395511512644
317;Segovia;Castilla y Leon;2014-01-01;17.688;0.12853395511512644
318;Soria;Castilla y Leon;2014-01-01;17.688;0.12853395511512644
319;Valladolid;Castilla y Leon;2014-01-01;17.688;0.12853395511512644
320;Zamora;Castilla y Leon;2014-01-01;17.688;0.12853395511512644
321;Avila;Castilla y Leon;2013-01-01;17.558;0.090644127076654
322;Burgos;Castilla y Leon;2013-01-01;17.558;0.090644127076654
323;Leon;Castilla y Leon;2013-01-01;17.558;0.090644127076654
324;Palencia;Castilla y Leon;2013-01-01;17.558;0.090644127076654
325;Salamanca;Castilla y Leon;2013-01-01;17.558;0.090644127076654
326;Segovia;Castilla y Leon;2013-01-01;17.558;0.090644127076654
327;Soria;Castilla y Leon;2013-01-01;17.558;0.090644127076654
328;Valladolid;Castilla y Leon;2013-01-01;17.558;0.090644127076654
329;Zamora;Castilla y Leon;2013-01-01;17.558;0.090644127076654
330;Avila;Castilla y Leon;2012-01-01;17.466;0.06382978723404288
331;Burgos;Castilla y Leon;2012-01-01;17.466;0.06382978723404288
332;Leon;Castilla y Leon;2012-01-01;17.466;0.06382978723404288
333;Palencia;Castilla y Leon;2012-01-01;17.466;0.06382978723404288
334;Salamanca;Castilla y Leon;2012-01-01;17.466;0.06382978723404288
335;Segovia;Castilla y Leon;2012-01-01;17.466;0.06382978723404288
336;Soria;Castilla y Leon;2012-01-01;17.466;0.06382978723404288
337;Valladolid;Castilla y Leon;2012-01-01;17.466;0.06382978723404288
338;Zamora;Castilla y Leon;2012-01-01;17.466;0.06382978723404288
339;Avila;Castilla y Leon;2011-01-01;17.971;0.21101719615272516
340;Burgos;Castilla y Leon;2011-01-01;17.971;0.21101719615272516
341;Leon;Castilla y Leon;2011-01-01;17.971;0.21101719615272516
342;Palencia;Castilla y Leon;2011-01-01;17.971;0.21101719615272516
343;Salamanca;Castilla y Leon;2011-01-01;17.971;0.21101719615272516
344;Segovia;Castilla y Leon;2011-01-01;17.971;0.21101719615272516
345;Soria;Castilla y Leon;2011-01-01;17.971;0.21101719615272516
346;Valladolid;Castilla y Leon;2011-01-01;17.971;0.21101719615272516
347;Zamora;Castilla y Leon;2011-01-01;17.971;0.21101719615272516
348;Avila;Castilla y Leon;2010-01-01;17.67;0.1232876712328772
349;Burgos;Castilla y Leon;2010-01-01;17.67;0.1232876712328772
350;Leon;Castilla y Leon;2010-01-01;17.67;0.1232876712328772
351;Palencia;Castilla y Leon;2010-01-01;17.67;0.1232876712328772
352;Salamanca;Castilla y Leon;2010-01-01;17.67;0.1232876712328772
353;Segovia;Castilla y Leon;2010-01-01;17.67;0.1232876712328772
354;Soria;Castilla y Leon;2010-01-01;17.67;0.1232876712328772
355;Valladolid;Castilla y Leon;2010-01-01;17.67;0.1232876712328772
356;Zamora;Castilla y Leon;2010-01-01;17.67;0.1232876712328772
357;Avila;Castilla y Leon;2009-01-01;17.577;0.09618187117458518
358;Burgos;Castilla y Leon;2009-01-01;17.577;0.09618187117458518
359;Leon;Castilla y Leon;2009-01-01;17.577;0.09618187117458518
360;Palencia;Castilla y Leon;2009-01-01;17.577;0.09618187117458518
361;Salamanca;Castilla y Leon;2009-01-01;17.577;0.09618187117458518
362;Segovia;Castilla y Leon;2009-01-01;17.577;0.09618187117458518
363;Soria;Castilla y Leon;2009-01-01;17.577;0.09618187117458518
364;Valladolid;Castilla y Leon;2009-01-01;17.577;0.09618187117458518
365;Zamora;Castilla y Leon;2009-01-01;17.577;0.09618187117458518
366;Avila;Castilla y Leon;2008-01-01;17.247;0.0
367;Burgos;Castilla y Leon;2008-01-01;17.247;0.0
368;Leon;Castilla y Leon;2008-01-01;17.247;0.0
369;Palencia;Castilla y Leon;2008-01-01;17.247;0.0
370;Salamanca;Castilla y Leon;2008-01-01;17.247;0.0
371;Segovia;Castilla y Leon;2008-01-01;17.247;0.0
372;Soria;Castilla y Leon;2008-01-01;17.247;0.0
373;Valladolid;Castilla y Leon;2008-01-01;17.247;0.0
374;Zamora;Castilla y Leon;2008-01-01;17.247;0.0
375;Albacete;Castilla-La Mancha;2022-01-01;20.478;1.0
376;Ciudad Real;Castilla-La Mancha;2022-01-01;20.478;1.0
377;Cuenca;Castilla-La Mancha;2022-01-01;20.478;1.0
378;Guadalajara;Castilla-La Mancha;2022-01-01;20.478;1.0
379;Toledo;Castilla-La Mancha;2022-01-01;20.478;1.0
380;Albacete;Castilla-La Mancha;2021-01-01;19.672;0.7931742365922503
381;Ciudad Real;Castilla-La Mancha;2021-01-01;19.672;0.7931742365922503
382;Cuenca;Castilla-La Mancha;2021-01-01;19.672;0.7931742365922503
383;Guadalajara;Castilla-La Mancha;2021-01-01;19.672;0.7931742365922503
384;Toledo;Castilla-La Mancha;2021-01-01;19.672;0.7931742365922503
385;Albacete;Castilla-La Mancha;2020-01-01;18.995;0.6194508596356172
386;Ciudad Real;Castilla-La Mancha;2020-01-01;18.995;0.6194508596356172
387;Cuenca;Castilla-La Mancha;2020-01-01;18.995;0.6194508596356172
388;Guadalajara;Castilla-La Mancha;2020-01-01;18.995;0.6194508596356172
389;Toledo;Castilla-La Mancha;2020-01-01;18.995;0.6194508596356172
390;Albacete;Castilla-La Mancha;2019-01-01;18.619;0.5229663843982548
391;Ciudad Real;Castilla-La Mancha;2019-01-01;18.619;0.5229663843982548
392;Cuenca;Castilla-La Mancha;2019-01-01;18.619;0.5229663843982548
393;Guadalajara;Castilla-La Mancha;2019-01-01;18.619;0.5229663843982548
394;Toledo;Castilla-La Mancha;2019-01-01;18.619;0.5229663843982548
395;Albacete;Castilla-La Mancha;2018-01-01;18.534;0.501154734411085
396;Ciudad Real;Castilla-La Mancha;2018-01-01;18.534;0.501154734411085
397;Cuenca;Castilla-La Mancha;2018-01-01;18.534;0.501154734411085
398;Guadalajara;Castilla-La Mancha;2018-01-01;18.534;0.501154734411085
399;Toledo;Castilla-La Mancha;2018-01-01;18.534;0.501154734411085
400;Albacete;Castilla-La Mancha;2017-01-01;17.735;0.2961252245316909
401;Ciudad Real;Castilla-La Mancha;2017-01-01;17.735;0.2961252245316909
402;Cuenca;Castilla-La Mancha;2017-01-01;17.735;0.2961252245316909
403;Guadalajara;Castilla-La Mancha;2017-01-01;17.735;0.2961252245316909
404;Toledo;Castilla-La Mancha;2017-01-01;17.735;0.2961252245316909
405;Albacete;Castilla-La Mancha;2016-01-01;17.875;0.3320502950987939
406;Ciudad Real;Castilla-La Mancha;2016-01-01;17.875;0.3320502950987939
407;Cuenca;Castilla-La Mancha;2016-01-01;17.875;0.3320502950987939
408;Guadalajara;Castilla-La Mancha;2016-01-01;17.875;0.3320502950987939
409;Toledo;Castilla-La Mancha;2016-01-01;17.875;0.3320502950987939
410;Albacete;Castilla-La Mancha;2015-01-01;17.742;0.2979214780600464
411;Ciudad Real;Castilla-La Mancha;2015-01-01;17.742;0.2979214780600464
412;Cuenca;Castilla-La Mancha;2015-01-01;17.742;0.2979214780600464
413;Guadalajara;Castilla-La Mancha;2015-01-01;17.742;0.2979214780600464
414;Toledo;Castilla-La Mancha;2015-01-01;17.742;0.2979214780600464
415;Albacete;Castilla-La Mancha;2014-01-01;17.913;0.3418013856812933
416;Ciudad Real;Castilla-La Mancha;2014-01-01;17.913;0.3418013856812933
417;Cuenca;Castilla-La Mancha;2014-01-01;17.913;0.3418013856812933
418;Guadalajara;Castilla-La Mancha;2014-01-01;17.913;0.3418013856812933
419;Toledo;Castilla-La Mancha;2014-01-01;17.913;0.3418013856812933
420;Albacete;Castilla-La Mancha;2013-01-01;17.444;0.22145239928149835
421;Ciudad Real;Castilla-La Mancha;2013-01-01;17.444;0.22145239928149835
422;Cuenca;Castilla-La Mancha;2013-01-01;17.444;0.22145239928149835
423;Guadalajara;Castilla-La Mancha;2013-01-01;17.444;0.22145239928149835
424;Toledo;Castilla-La Mancha;2013-01-01;17.444;0.22145239928149835
425;Albacete;Castilla-La Mancha;2012-01-01;17.301;0.18475750577367167
426;Ciudad Real;Castilla-La Mancha;2012-01-01;17.301;0.18475750577367167
427;Cuenca;Castilla-La Mancha;2012-01-01;17.301;0.18475750577367167
428;Guadalajara;Castilla-La Mancha;2012-01-01;17.301;0.18475750577367167
429;Toledo;Castilla-La Mancha;2012-01-01;17.301;0.18475750577367167
430;Albacete;Castilla-La Mancha;2011-01-01;17.851;0.3258917115730046
431;Ciudad Real;Castilla-La Mancha;2011-01-01;17.851;0.3258917115730046
432;Cuenca;Castilla-La Mancha;2011-01-01;17.851;0.3258917115730046
433;Guadalajara;Castilla-La Mancha;2011-01-01;17.851;0.3258917115730046
434;Toledo;Castilla-La Mancha;2011-01-01;17.851;0.3258917115730046
435;Albacete;Castilla-La Mancha;2010-01-01;17.379;0.2047729022324869
436;Ciudad Real;Castilla-La Mancha;2010-01-01;17.379;0.2047729022324869
437;Cuenca;Castilla-La Mancha;2010-01-01;17.379;0.2047729022324869
438;Guadalajara;Castilla-La Mancha;2010-01-01;17.379;0.2047729022324869
439;Toledo;Castilla-La Mancha;2010-01-01;17.379;0.2047729022324869
440;Albacete;Castilla-La Mancha;2009-01-01;17.07;0.1254811393379524
441;Ciudad Real;Castilla-La Mancha;2009-01-01;17.07;0.1254811393379524
442;Cuenca;Castilla-La Mancha;2009-01-01;17.07;0.1254811393379524
443;Guadalajara;Castilla-La Mancha;2009-01-01;17.07;0.1254811393379524
444;Toledo;Castilla-La Mancha;2009-01-01;17.07;0.1254811393379524
445;Albacete;Castilla-La Mancha;2008-01-01;16.581;0.0
446;Ciudad Real;Castilla-La Mancha;2008-01-01;16.581;0.0
447;Cuenca;Castilla-La Mancha;2008-01-01;16.581;0.0
448;Guadalajara;Castilla-La Mancha;2008-01-01;16.581;0.0
449;Toledo;Castilla-La Mancha;2008-01-01;16.581;0.0
450;Barcelona;Cataluna;2022-01-01;24.772;1.0
451;Girona;Cataluna;2022-01-01;24.772;1.0
452;Lleida;Cataluna;2022-01-01;24.772;1.0
453;Tarragona;Cataluna;2022-01-01;24.772;1.0
454;Barcelona;Cataluna;2021-01-01;23.962;0.8336072308956453
455;Girona;Cataluna;2021-01-01;23.962;0.8336072308956453
456;Lleida;Cataluna;2021-01-01;23.962;0.8336072308956453
457;Tarragona;Cataluna;2021-01-01;23.962;0.8336072308956453
458;Barcelona;Cataluna;2020-01-01;23.184;0.6737880032867711
459;Girona;Cataluna;2020-01-01;23.184;0.6737880032867711
460;Lleida;Cataluna;2020-01-01;23.184;0.6737880032867711
461;Tarragona;Cataluna;2020-01-01;23.184;0.6737880032867711
462;Barcelona;Cataluna;2019-01-01;22.319;0.4960969597370583
463;Girona;Cataluna;2019-01-01;22.319;0.4960969597370583
464;Lleida;Cataluna;2019-01-01;22.319;0.4960969597370583
465;Tarragona;Cataluna;2019-01-01;22.319;0.4960969597370583
466;Barcelona;Cataluna;2018-01-01;22.151;0.46158586688578485
467;Girona;Cataluna;2018-01-01;22.151;0.46158586688578485
468;Lleida;Cataluna;2018-01-01;22.151;0.46158586688578485
469;Tarragona;Cataluna;2018-01-01;22.151;0.46158586688578485
470;Barcelona;Cataluna;2017-01-01;21.72;0.37304847986852907
471;Girona;Cataluna;2017-01-01;21.72;0.37304847986852907
472;Lleida;Cataluna;2017-01-01;21.72;0.37304847986852907
473;Tarragona;Cataluna;2017-01-01;21.72;0.37304847986852907
474;Barcelona;Cataluna;2016-01-01;21.188;0.26376335250616256
475;Girona;Cataluna;2016-01-01;21.188;0.26376335250616256
476;Lleida;Cataluna;2016-01-01;21.188;0.26376335250616256
477;Tarragona;Cataluna;2016-01-01;21.188;0.26376335250616256
478;Barcelona;Cataluna;2015-01-01;20.972;0.2193919474116684
479;Girona;Cataluna;2015-01-01;20.972;0.2193919474116684
480;Lleida;Cataluna;2015-01-01;20.972;0.2193919474116684
481;Tarragona;Cataluna;2015-01-01;20.972;0.2193919474116684
482;Barcelona;Cataluna;2014-01-01;20.601;0.14317995069843867
483;Girona;Cataluna;2014-01-01;20.601;0.14317995069843867
484;Lleida;Cataluna;2014-01-01;20.601;0.14317995069843867
485;Tarragona;Cataluna;2014-01-01;20.601;0.14317995069843867
486;Barcelona;Cataluna;2013-01-01;20.763;0.1764585045193102
487;Girona;Cataluna;2013-01-01;20.763;0.1764585045193102
488;Lleida;Cataluna;2013-01-01;20.763;0.1764585045193102
489;Tarragona;Cataluna;2013-01-01;20.763;0.1764585045193102
490;Barcelona;Cataluna;2012-01-01;20.992;0.22350041084634373
491;Girona;Cataluna;2012-01-01;20.992;0.22350041084634373
492;Lleida;Cataluna;2012-01-01;20.992;0.22350041084634373
493;Tarragona;Cataluna;2012-01-01;20.992;0.22350041084634373
494;Barcelona;Cataluna;2011-01-01;21.249;0.27629416598192263
495;Girona;Cataluna;2011-01-01;21.249;0.27629416598192263
496;Lleida;Cataluna;2011-01-01;21.249;0.27629416598192263
497;Tarragona;Cataluna;2011-01-01;21.249;0.27629416598192263
498;Barcelona;Cataluna;2010-01-01;20.852;0.19474116680361558
499;Girona;Cataluna;2010-01-01;20.852;0.19474116680361558
500;Lleida;Cataluna;2010-01-01;20.852;0.19474116680361558
501;Tarragona;Cataluna;2010-01-01;20.852;0.19474116680361558
502;Barcelona;Cataluna;2009-01-01;20.634;0.14995891536565337
503;Girona;Cataluna;2009-01-01;20.634;0.14995891536565337
504;Lleida;Cataluna;2009-01-01;20.634;0.14995891536565337
505;Tarragona;Cataluna;2009-01-01;20.634;0.14995891536565337
506;Barcelona;Cataluna;2008-01-01;19.904;0.0
507;Girona;Cataluna;2008-01-01;19.904;0.0
508;Lleida;Cataluna;2008-01-01;19.904;0.0
509;Tarragona;Cataluna;2008-01-01;19.904;0.0
510;Alicante;Valencia;2022-01-01;20.769;1.0
511;Castellon;Valencia;2022-01-01;20.769;1.0
512;Valencia;Valencia;2022-01-01;20.769;1.0
513;Alicante;Valencia;2021-01-01;19.843;0.7628681177976955
514;Castellon;Valencia;2021-01-01;19.843;0.7628681177976955
515;Valencia;Valencia;2021-01-01;19.843;0.7628681177976955
516;Alicante;Valencia;2020-01-01;19.108;0.574647887323944
517;Castellon;Valencia;2020-01-01;19.108;0.574647887323944
518;Valencia;Valencia;2020-01-01;19.108;0.574647887323944
519;Alicante;Valencia;2019-01-01;18.65;0.45736235595390495
520;Castellon;Valencia;2019-01-01;18.65;0.45736235595390495
521;Valencia;Valencia;2019-01-01;18.65;0.45736235595390495
522;Alicante;Valencia;2018-01-01;18.887;0.518053777208707
523;Castellon;Valencia;2018-01-01;18.887;0.518053777208707
524;Valencia;Valencia;2018-01-01;18.887;0.518053777208707
525;Alicante;Valencia;2017-01-01;18.311;0.37055057618437903
526;Castellon;Valencia;2017-01-01;18.311;0.37055057618437903
527;Valencia;Valencia;2017-01-01;18.311;0.37055057618437903
528;Alicante;Valencia;2016-01-01;18.008;0.292957746478873
529;Castellon;Valencia;2016-01-01;18.008;0.292957746478873
530;Valencia;Valencia;2016-01-01;18.008;0.292957746478873
531;Alicante;Valencia;2015-01-01;18.0;0.2909090909090909
532;Castellon;Valencia;2015-01-01;18.0;0.2909090909090909
533;Valencia;Valencia;2015-01-01;18.0;0.2909090909090909
534;Alicante;Valencia;2014-01-01;17.857;0.25428937259923157
535;Castellon;Valencia;2014-01-01;17.857;0.25428937259923157
536;Valencia;Valencia;2014-01-01;17.857;0.25428937259923157
537;Alicante;Valencia;2013-01-01;17.865;0.25633802816901363
538;Castellon;Valencia;2013-01-01;17.865;0.25633802816901363
539;Valencia;Valencia;2013-01-01;17.865;0.25633802816901363
540;Alicante;Valencia;2012-01-01;18.074;0.3098591549295779
541;Castellon;Valencia;2012-01-01;18.074;0.3098591549295779
542;Valencia;Valencia;2012-01-01;18.074;0.3098591549295779
543;Alicante;Valencia;2011-01-01;18.138;0.3262483994878365
544;Castellon;Valencia;2011-01-01;18.138;0.3262483994878365
545;Valencia;Valencia;2011-01-01;18.138;0.3262483994878365
546;Alicante;Valencia;2010-01-01;17.484;0.15877080665813095
547;Castellon;Valencia;2010-01-01;17.484;0.15877080665813095
548;Valencia;Valencia;2010-01-01;17.484;0.15877080665813095
549;Alicante;Valencia;2009-01-01;17.429;0.1446862996158766
550;Castellon;Valencia;2009-01-01;17.429;0.1446862996158766
551;Valencia;Valencia;2009-01-01;17.429;0.1446862996158766
552;Alicante;Valencia;2008-01-01;16.864;0.0
553;Castellon;Valencia;2008-01-01;16.864;0.0
554;Valencia;Valencia;2008-01-01;16.864;0.0
555;Badajoz;Extremadura;2022-01-01;18.86;1.0
556;Caceres;Extremadura;2022-01-01;18.86;1.0
557;Badajoz;Extremadura;2021-01-01;18.146;0.7856499549684783
558;Caceres;Extremadura;2021-01-01;18.146;0.7856499549684783
559;Badajoz;Extremadura;2020-01-01;17.492;0.5893125187631346
560;Caceres;Extremadura;2020-01-01;17.492;0.5893125187631346
561;Badajoz;Extremadura;2019-01-01;17.11;0.4746322425697988
562;Caceres;Extremadura;2019-01-01;17.11;0.4746322425697988
563;Badajoz;Extremadura;2018-01-01;17.26;0.5196637646352452
564;Caceres;Extremadura;2018-01-01;17.26;0.5196637646352452
565;Badajoz;Extremadura;2017-01-01;17.166;0.4914440108075655
566;Caceres;Extremadura;2017-01-01;17.166;0.4914440108075655
567;Badajoz;Extremadura;2016-01-01;16.7;0.35154608225758016
568;Caceres;Extremadura;2016-01-01;16.7;0.35154608225758016
569;Badajoz;Extremadura;2015-01-01;16.837;0.3926748724106875
570;Caceres;Extremadura;2015-01-01;16.837;0.3926748724106875
571;Badajoz;Extremadura;2014-01-01;16.346;0.24527169018312828
572;Caceres;Extremadura;2014-01-01;16.346;0.24527169018312828
573;Badajoz;Extremadura;2013-01-01;16.636;0.3323326328429899
574;Caceres;Extremadura;2013-01-01;16.636;0.3323326328429899
575;Badajoz;Extremadura;2012-01-01;16.645;0.3350345241669168
576;Caceres;Extremadura;2012-01-01;16.645;0.3350345241669168
577;Badajoz;Extremadura;2011-01-01;16.805;0.38306814770339237
578;Caceres;Extremadura;2011-01-01;16.805;0.38306814770339237
579;Badajoz;Extremadura;2010-01-01;16.122;0.17802461723206245
580;Caceres;Extremadura;2010-01-01;16.122;0.17802461723206245
581;Badajoz;Extremadura;2009-01-01;16.3;0.23146202341639174
582;Caceres;Extremadura;2009-01-01;16.3;0.23146202341639174
583;Badajoz;Extremadura;2008-01-01;15.529;0.0
584;Caceres;Extremadura;2008-01-01;15.529;0.0
585;A Coruna;Galicia;2022-01-01;20.498;1.0
586;Lugo;Galicia;2022-01-01;20.498;1.0
587;Ourense;Galicia;2022-01-01;20.498;1.0
588;Pontevedra;Galicia;2022-01-01;20.498;1.0
589;A Coruna;Galicia;2021-01-01;19.881;0.8580630319760753
590;Lugo;Galicia;2021-01-01;19.881;0.8580630319760753
591;Ourense;Galicia;2021-01-01;19.881;0.8580630319760753
592;Pontevedra;Galicia;2021-01-01;19.881;0.8580630319760753
593;A Coruna;Galicia;2020-01-01;19.389;0.7448815274902229
594;Lugo;Galicia;2020-01-01;19.389;0.7448815274902229
595;Ourense;Galicia;2020-01-01;19.389;0.7448815274902229
596;Pontevedra;Galicia;2020-01-01;19.389;0.7448815274902229
597;A Coruna;Galicia;2019-01-01;18.813;0.6123763515067859
598;Lugo;Galicia;2019-01-01;18.813;0.6123763515067859
599;Ourense;Galicia;2019-01-01;18.813;0.6123763515067859
600;Pontevedra;Galicia;2019-01-01;18.813;0.6123763515067859
601;A Coruna;Galicia;2018-01-01;18.6;0.5633770416379114
602;Lugo;Galicia;2018-01-01;18.6;0.5633770416379114
603;Ourense;Galicia;2018-01-01;18.6;0.5633770416379114
604;Pontevedra;Galicia;2018-01-01;18.6;0.5633770416379114
605;A Coruna;Galicia;2017-01-01;18.529;0.547043938348286
606;Lugo;Galicia;2017-01-01;18.529;0.547043938348286
607;Ourense;Galicia;2017-01-01;18.529;0.547043938348286
608;Pontevedra;Galicia;2017-01-01;18.529;0.547043938348286
609;A Coruna;Galicia;2016-01-01;18.146;0.45893719806763295
610;Lugo;Galicia;2016-01-01;18.146;0.45893719806763295
611;Ourense;Galicia;2016-01-01;18.146;0.45893719806763295
612;Pontevedra;Galicia;2016-01-01;18.146;0.45893719806763295
613;A Coruna;Galicia;2015-01-01;17.6;0.3333333333333336
614;Lugo;Galicia;2015-01-01;17.6;0.3333333333333336
615;Ourense;Galicia;2015-01-01;17.6;0.3333333333333336
616;Pontevedra;Galicia;2015-01-01;17.6;0.3333333333333336
617;A Coruna;Galicia;2014-01-01;17.379;0.28249367379802187
618;Lugo;Galicia;2014-01-01;17.379;0.28249367379802187
619;Ourense;Galicia;2014-01-01;17.379;0.28249367379802187
620;Pontevedra;Galicia;2014-01-01;17.379;0.28249367379802187
621;A Coruna;Galicia;2013-01-01;17.187;0.23832528180354293
622;Lugo;Galicia;2013-01-01;17.187;0.23832528180354293
623;Ourense;Galicia;2013-01-01;17.187;0.23832528180354293
624;Pontevedra;Galicia;2013-01-01;17.187;0.23832528180354293
625;A Coruna;Galicia;2012-01-01;16.632;0.1106510236945023
626;Lugo;Galicia;2012-01-01;16.632;0.1106510236945023
627;Ourense;Galicia;2012-01-01;16.632;0.1106510236945023
628;Pontevedra;Galicia;2012-01-01;16.632;0.1106510236945023
629;A Coruna;Galicia;2011-01-01;16.874;0.16632160110420952
630;Lugo;Galicia;2011-01-01;16.874;0.16632160110420952
631;Ourense;Galicia;2011-01-01;16.874;0.16632160110420952
632;Pontevedra;Galicia;2011-01-01;16.874;0.16632160110420952
633;A Coruna;Galicia;2010-01-01;17.216;0.24499654934437565
634;Lugo;Galicia;2010-01-01;17.216;0.24499654934437565
635;Ourense;Galicia;2010-01-01;17.216;0.24499654934437565
636;Pontevedra;Galicia;2010-01-01;17.216;0.24499654934437565
637;A Coruna;Galicia;2009-01-01;16.569;0.09615827007131335
638;Lugo;Galicia;2009-01-01;16.569;0.09615827007131335
639;Ourense;Galicia;2009-01-01;16.569;0.09615827007131335
640;Pontevedra;Galicia;2009-01-01;16.569;0.09615827007131335
641;A Coruna;Galicia;2008-01-01;16.151;0.0
642;Lugo;Galicia;2008-01-01;16.151;0.0
643;Ourense;Galicia;2008-01-01;16.151;0.0
644;Pontevedra;Galicia;2008-01-01;16.151;0.0
645;Madrid;Comunidad de Madrid;2022-01-01;25.203;1.0
646;Madrid;Comunidad de Madrid;2021-01-01;24.091;0.774579363470505
647;Madrid;Comunidad de Madrid;2020-01-01;23.231;0.6002432596797085
648;Madrid;Comunidad de Madrid;2019-01-01;22.263;0.4040137847151839
649;Madrid;Comunidad de Madrid;2018-01-01;21.478;0.2448814109061427
650;Madrid;Comunidad de Madrid;2017-01-01;21.608;0.27123454287451876
651;Madrid;Comunidad de Madrid;2016-01-01;21.165;0.18143117778228252
652;Madrid;Comunidad de Madrid;2015-01-01;21.308;0.2104196229474965
653;Madrid;Comunidad de Madrid;2014-01-01;21.579;0.2653557672815733
654;Madrid;Comunidad de Madrid;2013-01-01;21.274;0.20352726535576757
655;Madrid;Comunidad de Madrid;2012-01-01;21.418;0.23271842692073783
656;Madrid;Comunidad de Madrid;2011-01-01;21.046;0.15730792621123046
657;Madrid;Comunidad de Madrid;2010-01-01;21.319;0.2126495033448205
658;Madrid;Comunidad de Madrid;2009-01-01;20.712;0.08960064869247926
659;Madrid;Comunidad de Madrid;2008-01-01;20.27;0.0
660;Murcia;Region de Murcia;2022-01-01;19.904;1.0
661;Murcia;Region de Murcia;2021-01-01;19.55;0.9011725293132331
662;Murcia;Region de Murcia;2020-01-01;19.378;0.8531546621998884
663;Murcia;Region de Murcia;2019-01-01;18.52;0.6136236739251815
664;Murcia;Region de Murcia;2018-01-01;18.641;0.6474036850921269
665;Murcia;Region de Murcia;2017-01-01;18.004;0.4695700725851485
666;Murcia;Region de Murcia;2016-01-01;17.552;0.34338358458961477
667;Murcia;Region de Murcia;2015-01-01;17.669;0.3760469011725296
668;Murcia;Region de Murcia;2014-01-01;17.459;0.31742043551088783
669;Murcia;Region de Murcia;2013-01-01;17.402;0.3015075376884427
670;Murcia;Region de Murcia;2012-01-01;17.651;0.3710217755443887
671;Murcia;Region de Murcia;2011-01-01;17.784;0.4081518704634281
672;Murcia;Region de Murcia;2010-01-01;17.436;0.31099944165270815
673;Murcia;Region de Murcia;2009-01-01;17.244;0.2573981016192073
674;Murcia;Region de Murcia;2008-01-01;16.322;0.0
675;Navarra;Navarra;2022-01-01;26.334;1.0
676;Navarra;Navarra;2021-01-01;25.606;0.8536094912527653
677;Navarra;Navarra;2020-01-01;25.212;0.7743816609692339
678;Navarra;Navarra;2019-01-01;24.978;0.7273275688719086
679;Navarra;Navarra;2018-01-01;23.603;0.45083450633420497
680;Navarra;Navarra;2017-01-01;23.451;0.4202694550573095
681;Navarra;Navarra;2016-01-01;22.578;0.24472149607882546
682;Navarra;Navarra;2015-01-01;22.424;0.21375427307460265
683;Navarra;Navarra;2014-01-01;22.258;0.18037401970641437
684;Navarra;Navarra;2013-01-01;21.361;0.0
685;Navarra;Navarra;2012-01-01;21.477;0.02332596018499893
686;Navarra;Navarra;2011-01-01;22.511;0.23124874321335187
687;Navarra;Navarra;2010-01-01;21.633;0.05469535491654907
688;Navarra;Navarra;2009-01-01;21.482;0.024331389503317653
689;Navarra;Navarra;2008-01-01;21.37;0.0018097727729741288
690;Alava;Pais Vasco;2022-01-01;28.857;1.0
691;Guipuzcoa;Pais Vasco;2022-01-01;28.857;1.0
692;Vizcaya;Pais Vasco;2022-01-01;28.857;1.0
693;Alava;Pais Vasco;2021-01-01;27.884;0.8296866795028883
694;Guipuzcoa;Pais Vasco;2021-01-01;27.884;0.8296866795028883
695;Vizcaya;Pais Vasco;2021-01-01;27.884;0.8296866795028883
696;Alava;Pais Vasco;2020-01-01;26.789;0.6380185541746898
697;Guipuzcoa;Pais Vasco;2020-01-01;26.789;0.6380185541746898
698;Vizcaya;Pais Vasco;2020-01-01;26.789;0.6380185541746898
699;Alava;Pais Vasco;2019-01-01;26.104;0.5181165762296517
700;Guipuzcoa;Pais Vasco;2019-01-01;26.104;0.5181165762296517
701;Vizcaya;Pais Vasco;2019-01-01;26.104;0.5181165762296517
702;Alava;Pais Vasco;2018-01-01;25.428;0.39978995273936674
703;Guipuzcoa;Pais Vasco;2018-01-01;25.428;0.39978995273936674
704;Vizcaya;Pais Vasco;2018-01-01;25.428;0.39978995273936674
705;Alava;Pais Vasco;2017-01-01;25.584;0.42709609662174003
706;Guipuzcoa;Pais Vasco;2017-01-01;25.584;0.42709609662174003
707;Vizcaya;Pais Vasco;2017-01-01;25.584;0.42709609662174003
708;Alava;Pais Vasco;2016-01-01;24.939;0.31419569403115727
709;Guipuzcoa;Pais Vasco;2016-01-01;24.939;0.31419569403115727
710;Vizcaya;Pais Vasco;2016-01-01;24.939;0.31419569403115727
711;Alava;Pais Vasco;2015-01-01;25.172;0.3549798704708563
712;Guipuzcoa;Pais Vasco;2015-01-01;25.172;0.3549798704708563
713;Vizcaya;Pais Vasco;2015-01-01;25.172;0.3549798704708563
714;Alava;Pais Vasco;2014-01-01;25.601;0.43007176614738324
715;Guipuzcoa;Pais Vasco;2014-01-01;25.601;0.43007176614738324
716;Vizcaya;Pais Vasco;2014-01-01;25.601;0.43007176614738324
717;Alava;Pais Vasco;2013-01-01;23.729;0.10239803955890088
718;Guipuzcoa;Pais Vasco;2013-01-01;23.729;0.10239803955890088
719;Vizcaya;Pais Vasco;2013-01-01;23.729;0.10239803955890088
720;Alava;Pais Vasco;2012-01-01;23.974;0.1452826886049364
721;Guipuzcoa;Pais Vasco;2012-01-01;23.974;0.1452826886049364
722;Vizcaya;Pais Vasco;2012-01-01;23.974;0.1452826886049364
723;Alava;Pais Vasco;2011-01-01;24.197;0.18431647120602146
724;Guipuzcoa;Pais Vasco;2011-01-01;24.197;0.18431647120602146
725;Vizcaya;Pais Vasco;2011-01-01;24.197;0.18431647120602146
726;Alava;Pais Vasco;2010-01-01;23.799;0.11465079642919675
727;Guipuzcoa;Pais Vasco;2010-01-01;23.799;0.11465079642919675
728;Vizcaya;Pais Vasco;2010-01-01;23.799;0.11465079642919675
729;Alava;Pais Vasco;2009-01-01;23.856;0.12462804130929515
730;Guipuzcoa;Pais Vasco;2009-01-01;23.856;0.12462804130929515
731;Vizcaya;Pais Vasco;2009-01-01;23.856;0.12462804130929515
732;Alava;Pais Vasco;2008-01-01;23.144;0.0
733;Guipuzcoa;Pais Vasco;2008-01-01;23.144;0.0
734;Vizcaya;Pais Vasco;2008-01-01;23.144;0.0
735;La Rioja;La Rioja;2022-01-01;22.042;1.0
736;La Rioja;La Rioja;2021-01-01;20.93;0.7400046761748885
737;La Rioja;La Rioja;2020-01-01;20.432;0.6235679214402613
738;La Rioja;La Rioja;2019-01-01;19.944;0.5094692541501047
739;La Rioja;La Rioja;2018-01-01;19.996;0.5216273088613509
740;La Rioja;La Rioja;2017-01-01;19.539;0.4147767126490532
741;La Rioja;La Rioja;2016-01-01;19.508;0.40752864157119434
742;La Rioja;La Rioja;2015-01-01;19.136;0.32055178863689465
743;La Rioja;La Rioja;2014-01-01;19.049;0.300210427870002
744;La Rioja;La Rioja;2013-01-01;17.765;0.0
745;La Rioja;La Rioja;2012-01-01;17.897;0.030862754267009088
746;La Rioja;La Rioja;2011-01-01;18.615;0.19873743277998543
747;La Rioja;La Rioja;2010-01-01;18.632;0.20271218143558584
748;La Rioja;La Rioja;2009-01-01;18.563;0.1865793780687393
749;La Rioja;La Rioja;2008-01-01;17.827;0.014496142155716893
