;Provincia;Fecha;Viviendas;Comunidad;Viviendas_normalizado
0;A Coruna;2001-01-01;527877;Galicia;0.0
1;A Coruna;2002-01-01;542156;Galicia;0.08773417387083494
2;A Coruna;2003-01-01;554572;Galicia;0.1640215541341788
3;A Coruna;2004-01-01;568788;Galicia;0.25136863836611306
4;A Coruna;2005-01-01;583302;Galicia;0.3405467180328473
5;A Coruna;2006-01-01;597309;Galicia;0.4266096477484286
6;A Coruna;2007-01-01;612717;Galicia;0.5212807137195627
7;A Coruna;2008-01-01;627888;Galicia;0.6144955853348325
8;A Coruna;2009-01-01;637487;Galicia;0.6734745288873324
9;A Coruna;2010-01-01;644022;Galicia;0.7136273985732982
10;A Coruna;2011-01-01;647370;Galicia;0.7341984479548764
11;A Coruna;2012-01-01;658739;Galicia;0.8040527670764901
12;A Coruna;2013-01-01;660418;Galicia;0.814369013167192
13;A Coruna;2014-01-01;661741;Galicia;0.822497895584106
14;A Coruna;2015-01-01;661891;Galicia;0.8234195375814886
15;A Coruna;2016-01-01;673200;Galicia;0.8929051999041492
16;A Coruna;2017-01-01;674053;Galicia;0.8981462707292646
17;A Coruna;2018-01-01;675142;Galicia;0.9048373916302618
18;A Coruna;2019-01-01;676491;Galicia;0.913126025326722
19;A Coruna;2020-01-01;686961;Galicia;0.9774566367440232
20;A Coruna;2021-01-01;688240;Galicia;0.985315170841705
21;A Coruna;2022-01-01;689292;Galicia;0.9917789533833478
22;A Coruna;2023-01-01;690630;Galicia;1.0
23;Alava;2001-01-01;125019;Pais Vasco;0.0
24;Alava;2002-01-01;128166;Pais Vasco;0.06983866314551386
25;Alava;2003-01-01;129674;Pais Vasco;0.10330440957812742
26;Alava;2004-01-01;132554;Pais Vasco;0.16721777146534697
27;Alava;2005-01-01;135259;Pais Vasco;0.22724750893233617
28;Alava;2006-01-01;138438;Pais Vasco;0.29779632054326355
29;Alava;2007-01-01;142900;Pais Vasco;0.3968176471893655
30;Alava;2008-01-01;146854;Pais Vasco;0.48456536694702734
31;Alava;2009-01-01;150664;Pais Vasco;0.5691174186103283
32;Alava;2010-01-01;153934;Pais Vasco;0.6416857149197754
33;Alava;2011-01-01;156411;Pais Vasco;0.6966556445706931
34;Alava;2012-01-01;160514;Pais Vasco;0.7877099931204368
35;Alava;2013-01-01;161433;Pais Vasco;0.8081045693615322
36;Alava;2014-01-01;162404;Pais Vasco;0.8296531368589246
37;Alava;2015-01-01;162599;Pais Vasco;0.8339806040700384
38;Alava;2016-01-01;164718;Pais Vasco;0.881005747764142
39;Alava;2017-01-01;164929;Pais Vasco;0.8856882892079625
40;Alava;2018-01-01;165382;Pais Vasco;0.8957413284214731
41;Alava;2019-01-01;165950;Pais Vasco;0.9083464636825637
42;Alava;2020-01-01;168086;Pais Vasco;0.9557488737489181
43;Alava;2021-01-01;168514;Pais Vasco;0.9652471094738244
44;Alava;2022-01-01;169437;Pais Vasco;0.9857304542730965
45;Alava;2023-01-01;170080;Pais Vasco;1.0
46;Albacete;2001-01-01;185560;Castilla-La Mancha;0.0
47;Albacete;2002-01-01;188828;Castilla-La Mancha;0.0563224928045775
48;Albacete;2003-01-01;191880;Castilla-La Mancha;0.10892232390603726
49;Albacete;2004-01-01;193585;Castilla-La Mancha;0.13830722299777676
50;Albacete;2005-01-01;196255;Castilla-La Mancha;0.1843234579390931
51;Albacete;2006-01-01;199460;Castilla-La Mancha;0.23956017441359462
52;Albacete;2007-01-01;203264;Castilla-La Mancha;0.30512038329627905
53;Albacete;2008-01-01;209438;Castilla-La Mancha;0.41152646364372747
54;Albacete;2009-01-01;213068;Castilla-La Mancha;0.47408786171001155
55;Albacete;2010-01-01;215338;Castilla-La Mancha;0.5132102786825914
56;Albacete;2011-01-01;216439;Castilla-La Mancha;0.5321855126415387
57;Albacete;2012-01-01;223443;Castilla-La Mancha;0.6528962652741155
58;Albacete;2013-01-01;223901;Castilla-La Mancha;0.6607896868483187
59;Albacete;2014-01-01;224341;Castilla-La Mancha;0.6683728866139289
60;Albacete;2015-01-01;224807;Castilla-La Mancha;0.6764041845475071
61;Albacete;2016-01-01;232416;Castilla-La Mancha;0.8075418368577978
62;Albacete;2017-01-01;233000;Castilla-La Mancha;0.8176068110921532
63;Albacete;2018-01-01;233484;Castilla-La Mancha;0.8259483308343243
64;Albacete;2019-01-01;234255;Castilla-La Mancha;0.839236164969064
65;Albacete;2020-01-01;241313;Castilla-La Mancha;0.9608775830274202
66;Albacete;2021-01-01;241922;Castilla-La Mancha;0.9713734208848215
67;Albacete;2022-01-01;242761;Castilla-La Mancha;0.9858332040742465
68;Albacete;2023-01-01;243583;Castilla-La Mancha;1.0
69;Alicante;2001-01-01;1009930;Valencia;0.0
70;Alicante;2002-01-01;1042423;Valencia;0.09217087907412135
71;Alicante;2003-01-01;1073488;Valencia;0.18029103906050548
72;Alicante;2004-01-01;1110942;Valencia;0.2865344793350921
73;Alicante;2005-01-01;1152857;Valencia;0.40543216180183245
74;Alicante;2006-01-01;1194263;Valencia;0.5228859955181119
75;Alicante;2007-01-01;1224908;Valencia;0.6098147675375145
76;Alicante;2008-01-01;1251882;Valencia;0.6863302413978952
77;Alicante;2009-01-01;1267896;Valencia;0.7317561625960911
78;Alicante;2010-01-01;1274375;Valencia;0.7501347403057895
79;Alicante;2011-01-01;1274647;Valencia;0.7509063058463109
80;Alicante;2012-01-01;1289232;Valencia;0.7922786713187531
81;Alicante;2013-01-01;1290634;Valencia;0.7962556378180581
82;Alicante;2014-01-01;1292582;Valencia;0.801781408674439
83;Alicante;2015-01-01;1296960;Valencia;0.8142002099112132
84;Alicante;2016-01-01;1316550;Valencia;0.8697699486568519
85;Alicante;2017-01-01;1321010;Valencia;0.8824213542109891
86;Alicante;2018-01-01;1327113;Valencia;0.8997333560264374
87;Alicante;2019-01-01;1331367;Valencia;0.9118004141491505
88;Alicante;2020-01-01;1350006;Valencia;0.9646725101409809
89;Alicante;2021-01-01;1355524;Valencia;0.9803250787167049
90;Alicante;2022-01-01;1359031;Valencia;0.9902731682410008
91;Alicante;2023-01-01;1362460;Valencia;1.0
92;Almeria;2001-01-01;273649;Andalucia;0.0
93;Almeria;2002-01-01;283519;Andalucia;0.060550661333464206
94;Almeria;2003-01-01;294278;Andalucia;0.12655517656008441
95;Almeria;2004-01-01;306016;Andalucia;0.1985656793698314
96;Almeria;2005-01-01;314757;Andalucia;0.2521901303035508
97;Almeria;2006-01-01;336614;Andalucia;0.3862788643223479
98;Almeria;2007-01-01;357315;Andalucia;0.513275747834409
99;Almeria;2008-01-01;374027;Andalucia;0.6158008392432087
100;Almeria;2009-01-01;382948;Andalucia;0.6705295575568697
101;Almeria;2010-01-01;385917;Andalucia;0.6887438345071286
102;Almeria;2011-01-01;395226;Andalucia;0.7458528625064416
103;Almeria;2012-01-01;405501;Andalucia;0.8088881254447744
104;Almeria;2013-01-01;406271;Andalucia;0.8136119359034134
105;Almeria;2014-01-01;406791;Andalucia;0.8168020416676891
106;Almeria;2015-01-01;407034;Andalucia;0.8182928026306103
107;Almeria;2016-01-01;419706;Andalucia;0.8960332261784987
108;Almeria;2017-01-01;420163;Andalucia;0.8988368383597949
109;Almeria;2018-01-01;421097;Andalucia;0.9045667590979363
110;Almeria;2019-01-01;422122;Andalucia;0.9108549483448259
111;Almeria;2020-01-01;433763;Andalucia;0.98227037373316
112;Almeria;2021-01-01;434584;Andalucia;0.9873070599494491
113;Almeria;2022-01-01;435677;Andalucia;0.9940124168732055
114;Almeria;2023-01-01;436653;Andalucia;1.0
115;Asturias;2001-01-01;524336;Principado de Asturias;0.0
116;Asturias;2002-01-01;532501;Principado de Asturias;0.05199510933937873
117;Asturias;2003-01-01;541156;Principado de Asturias;0.10711056204388858
118;Asturias;2004-01-01;552308;Principado de Asturias;0.17812702981519926
119;Asturias;2005-01-01;564047;Principado de Asturias;0.25288154157698334
120;Asturias;2006-01-01;576333;Principado de Asturias;0.33111937542188313
121;Asturias;2007-01-01;586204;Principado de Asturias;0.3939783741100653
122;Asturias;2008-01-01;596656;Principado de Asturias;0.46053720850261726
123;Asturias;2009-01-01;602723;Principado de Asturias;0.49917215380108765
124;Asturias;2010-01-01;609935;Principado de Asturias;0.5450985136976706
125;Asturias;2011-01-01;615163;Principado de Asturias;0.5783906669893144
126;Asturias;2012-01-01;632294;Principado de Asturias;0.6874816918629086
127;Asturias;2013-01-01;634262;Principado de Asturias;0.7000140097049047
128;Asturias;2014-01-01;634843;Principado de Asturias;0.7037138454092744
129;Asturias;2015-01-01;635367;Principado de Asturias;0.7070507023956596
130;Asturias;2016-01-01;653064;Principado de Asturias;0.8197460422583644
131;Asturias;2017-01-01;654296;Principado de Asturias;0.8275914770049798
132;Asturias;2018-01-01;654982;Principado de Asturias;0.8319599577161634
133;Asturias;2019-01-01;656732;Principado de Asturias;0.8431040411630603
134;Asturias;2020-01-01;674342;Principado de Asturias;0.9552453608772622
135;Asturias;2021-01-01;676211;Principado de Asturias;0.9671472419985481
136;Asturias;2022-01-01;678652;Principado de Asturias;0.9826916463950482
137;Asturias;2023-01-01;681370;Principado de Asturias;1.0
138;Avila;2001-01-01;142362;Castilla y Leon;0.0
139;Avila;2002-01-01;143800;Castilla y Leon;0.04745404745404745
140;Avila;2003-01-01;145102;Castilla y Leon;0.09042009042009042
141;Avila;2004-01-01;146669;Castilla y Leon;0.14213114213114214
142;Avila;2005-01-01;148451;Castilla y Leon;0.20093720093720094
143;Avila;2006-01-01;151867;Castilla y Leon;0.31366531366531364
144;Avila;2007-01-01;155399;Castilla y Leon;0.4302214302214302
145;Avila;2008-01-01;159310;Castilla y Leon;0.5592845592845593
146;Avila;2009-01-01;161450;Castilla y Leon;0.6299046299046299
147;Avila;2010-01-01;163311;Castilla y Leon;0.6913176913176913
148;Avila;2011-01-01;163662;Castilla y Leon;0.702900702900703
149;Avila;2012-01-01;166101;Castilla y Leon;0.7833877833877834
150;Avila;2013-01-01;166616;Castilla y Leon;0.8003828003828004
151;Avila;2014-01-01;166941;Castilla y Leon;0.8111078111078112
152;Avila;2015-01-01;167339;Castilla y Leon;0.8242418242418242
153;Avila;2016-01-01;169419;Castilla y Leon;0.8928818928818929
154;Avila;2017-01-01;169663;Castilla y Leon;0.9009339009339009
155;Avila;2018-01-01;169897;Castilla y Leon;0.9086559086559086
156;Avila;2019-01-01;170128;Castilla y Leon;0.9162789162789163
157;Avila;2020-01-01;171947;Castilla y Leon;0.9763059763059763
158;Avila;2021-01-01;172155;Castilla y Leon;0.9831699831699832
159;Avila;2022-01-01;172368;Castilla y Leon;0.9901989901989902
160;Avila;2023-01-01;172665;Castilla y Leon;1.0
161;Badajoz;2001-01-01;318145;Extremadura;0.0
162;Badajoz;2002-01-01;323878;Extremadura;0.06880948665938524
163;Badajoz;2003-01-01;329340;Extremadura;0.13436633580181714
164;Badajoz;2004-01-01;334136;Extremadura;0.1919296182051682
165;Badajoz;2005-01-01;340084;Extremadura;0.26331961064368614
166;Badajoz;2006-01-01;344823;Extremadura;0.32019875895675554
167;Badajoz;2007-01-01;352307;Extremadura;0.410024364775496
168;Badajoz;2008-01-01;359221;Extremadura;0.4930086296914195
169;Badajoz;2009-01-01;366514;Extremadura;0.5805417861900932
170;Badajoz;2010-01-01;370065;Extremadura;0.6231621397793967
171;Badajoz;2011-01-01;372837;Extremadura;0.6564326608015171
172;Badajoz;2012-01-01;380011;Extremadura;0.7425375373573221
173;Badajoz;2013-01-01;380997;Extremadura;0.7543718568839493
174;Badajoz;2014-01-01;381849;Extremadura;0.7645978611807914
175;Badajoz;2015-01-01;382755;Extremadura;0.7754719925105321
176;Badajoz;2016-01-01;389601;Extremadura;0.857640097459102
177;Badajoz;2017-01-01;390317;Extremadura;0.866233781821237
178;Badajoz;2018-01-01;391209;Extremadura;0.8769398802165225
179;Badajoz;2019-01-01;392034;Extremadura;0.8868418209969154
180;Badajoz;2020-01-01;398348;Extremadura;0.9626246744361895
181;Badajoz;2021-01-01;399420;Extremadura;0.9754911962744698
182;Badajoz;2022-01-01;400356;Extremadura;0.986725398178043
183;Badajoz;2023-01-01;401462;Extremadura;1.0
184;Barcelona;2001-01-01;2280334;Cataluna;0.0
185;Barcelona;2002-01-01;2320584;Cataluna;0.11646041358637312
186;Barcelona;2003-01-01;2355184;Cataluna;0.2165729678742864
187;Barcelona;2004-01-01;2402536;Cataluna;0.3535824959275023
188;Barcelona;2005-01-01;2441140;Cataluna;0.4652803296191383
189;Barcelona;2006-01-01;2477529;Cataluna;0.5705692237804931
190;Barcelona;2007-01-01;2513184;Cataluna;0.6737343429462604
191;Barcelona;2008-01-01;2555491;Cataluna;0.7961465346878427
192;Barcelona;2009-01-01;2577144;Cataluna;0.8587978970576746
193;Barcelona;2010-01-01;2589562;Cataluna;0.8947284663971922
194;Barcelona;2011-01-01;2604934;Cataluna;0.939206217394701
195;Barcelona;2012-01-01;2604058;Cataluna;0.9366715758468336
196;Barcelona;2013-01-01;2603182;Cataluna;0.9341369342989662
197;Barcelona;2014-01-01;2602306;Cataluna;0.9316022927510987
198;Barcelona;2015-01-01;2601430;Cataluna;0.9290676512032314
199;Barcelona;2016-01-01;2600554;Cataluna;0.926533009655364
200;Barcelona;2017-01-01;2599678;Cataluna;0.9239983681074966
201;Barcelona;2018-01-01;2598802;Cataluna;0.9214637265596292
202;Barcelona;2019-01-01;2597926;Cataluna;0.9189290850117617
203;Barcelona;2020-01-01;2597046;Cataluna;0.9163828697581964
204;Barcelona;2021-01-01;2607428;Cataluna;0.9464224228974194
205;Barcelona;2022-01-01;2616924;Cataluna;0.9738984002245299
206;Barcelona;2023-01-01;2625945;Cataluna;1.0
207;Burgos;2001-01-01;215048;Castilla y Leon;0.0
208;Burgos;2002-01-01;219074;Castilla y Leon;0.06393317664993965
209;Burgos;2003-01-01;223411;Castilla y Leon;0.13280505621546085
210;Burgos;2004-01-01;227374;Castilla y Leon;0.19573778822333734
211;Burgos;2005-01-01;232475;Castilla y Leon;0.27674204408308456
212;Burgos;2006-01-01;237969;Castilla y Leon;0.3639871689004637
213;Burgos;2007-01-01;242837;Castilla y Leon;0.44129136759194565
214;Burgos;2008-01-01;247453;Castilla y Leon;0.5145937877151749
215;Burgos;2009-01-01;250409;Castilla y Leon;0.5615352855237248
216;Burgos;2010-01-01;252114;Castilla y Leon;0.5886108111541638
217;Burgos;2011-01-01;253527;Castilla y Leon;0.6110493552690085
218;Burgos;2012-01-01;259884;Castilla y Leon;0.7119989836752842
219;Burgos;2013-01-01;260383;Castilla y Leon;0.7199231404433717
220;Burgos;2014-01-01;261087;Castilla y Leon;0.7311027123165852
221;Burgos;2015-01-01;261627;Castilla y Leon;0.7396779521056978
222;Burgos;2016-01-01;268069;Castilla y Leon;0.8419773867750746
223;Burgos;2017-01-01;268366;Castilla y Leon;0.8466937686590866
224;Burgos;2018-01-01;268827;Castilla y Leon;0.8540144826271994
225;Burgos;2019-01-01;269309;Castilla y Leon;0.8616686781426666
226;Burgos;2020-01-01;275639;Castilla y Leon;0.9621895445594868
227;Burgos;2021-01-01;276406;Castilla y Leon;0.9743695610747634
228;Burgos;2022-01-01;277284;Castilla y Leon;0.9883122657689132
229;Burgos;2023-01-01;278020;Castilla y Leon;1.0
230;Caceres;2001-01-01;257139;Extremadura;0.0
231;Caceres;2002-01-01;258095;Extremadura;0.021112607937103862
232;Caceres;2003-01-01;262042;Extremadura;0.10827941079039774
233;Caceres;2004-01-01;264167;Extremadura;0.15520858638280957
234;Caceres;2005-01-01;265666;Extremadura;0.18831297895364502
235;Caceres;2006-01-01;267262;Extremadura;0.22355955036328704
236;Caceres;2007-01-01;270356;Extremadura;0.29188843002583864
237;Caceres;2008-01-01;272789;Extremadura;0.3456195755394095
238;Caceres;2009-01-01;274089;Extremadura;0.3743291888430026
239;Caceres;2010-01-01;276204;Extremadura;0.421037521256156
240;Caceres;2011-01-01;277261;Extremadura;0.4443806453037698
241;Caceres;2012-01-01;283844;Extremadura;0.5897617102095801
242;Caceres;2013-01-01;284852;Extremadura;0.6120227026788277
243;Caceres;2014-01-01;285711;Extremadura;0.630993131777125
244;Caceres;2015-01-01;286323;Extremadura;0.6445087343477397
245;Caceres;2016-01-01;292691;Extremadura;0.7851416708994943
246;Caceres;2017-01-01;293213;Extremadura;0.7966696848567832
247;Caceres;2018-01-01;293811;Extremadura;0.8098761069764361
248;Caceres;2019-01-01;294475;Extremadura;0.8245400940791944
249;Caceres;2020-01-01;300157;Extremadura;0.9500231885338222
250;Caceres;2021-01-01;300829;Extremadura;0.9648638501799872
251;Caceres;2022-01-01;301451;Extremadura;0.9786002959298602
252;Caceres;2023-01-01;302420;Extremadura;1.0
253;Cadiz;2001-01-01;502797;Andalucia;0.0
254;Cadiz;2002-01-01;518387;Andalucia;0.10286355238849301
255;Cadiz;2003-01-01;533326;Andalucia;0.20143177619424651
256;Cadiz;2004-01-01;547458;Andalucia;0.2946753760886778
257;Cadiz;2005-01-01;559465;Andalucia;0.37389812615465823
258;Cadiz;2006-01-01;578379;Andalucia;0.4986935866983373
259;Cadiz;2007-01-01;594625;Andalucia;0.6058854579044602
260;Cadiz;2008-01-01;608754;Andalucia;0.6991092636579572
261;Cadiz;2009-01-01;615253;Andalucia;0.7419899709685933
262;Cadiz;2010-01-01;617654;Andalucia;0.7578318817629982
263;Cadiz;2011-01-01;619411;Andalucia;0.7694246503035101
264;Cadiz;2012-01-01;627051;Andalucia;0.819833729216152
265;Cadiz;2013-01-01;628471;Andalucia;0.8292029559250462
266;Cadiz;2014-01-01;629356;Andalucia;0.8350422275006598
267;Cadiz;2015-01-01;629858;Andalucia;0.8383544470836632
268;Cadiz;2016-01-01;637331;Andalucia;0.8876616521509633
269;Cadiz;2017-01-01;637961;Andalucia;0.8918184217471629
270;Cadiz;2018-01-01;638984;Andalucia;0.8985682238057535
271;Cadiz;2019-01-01;640348;Andalucia;0.9075679598838744
272;Cadiz;2020-01-01;648306;Andalucia;0.9600752177355503
273;Cadiz;2021-01-01;649989;Andalucia;0.9711797307996833
274;Cadiz;2022-01-01;651995;Andalucia;0.9844154130377408
275;Cadiz;2023-01-01;654357;Andalucia;1.0
276;Cantabria;2001-01-01;286901;Cantabria;0.0
277;Cantabria;2002-01-01;293927;Cantabria;0.06999611464777787
278;Cantabria;2003-01-01;302467;Cantabria;0.1550753658706676
279;Cantabria;2004-01-01;310948;Cantabria;0.23956683303944132
280;Cantabria;2005-01-01;317211;Cantabria;0.30196160475009215
281;Cantabria;2006-01-01;327094;Cantabria;0.40042041503531683
282;Cantabria;2007-01-01;336277;Cantabria;0.49190551620391126
283;Cantabria;2008-01-01;344226;Cantabria;0.5710969644440459
284;Cantabria;2009-01-01;352750;Cantabria;0.6560168166014126
285;Cantabria;2010-01-01;356094;Cantabria;0.6893312212957151
286;Cantabria;2011-01-01;358666;Cantabria;0.7149546210785339
287;Cantabria;2012-01-01;365541;Cantabria;0.7834464070454387
288;Cantabria;2013-01-01;366587;Cantabria;0.7938671209540034
289;Cantabria;2014-01-01;367270;Cantabria;0.8006714685635156
290;Cantabria;2015-01-01;368109;Cantabria;0.8090299570618767
291;Cantabria;2016-01-01;375319;Cantabria;0.8808591609631689
292;Cantabria;2017-01-01;375935;Cantabria;0.8869960249858035
293;Cantabria;2018-01-01;376404;Cantabria;0.8916684100939458
294;Cantabria;2019-01-01;377062;Cantabria;0.8982236966635783
295;Cantabria;2020-01-01;383642;Cantabria;0.9637765623599032
296;Cantabria;2021-01-01;384736;Cantabria;0.9746754734650368
297;Cantabria;2022-01-01;386140;Cantabria;0.9886627414646781
298;Cantabria;2023-01-01;387278;Cantabria;1.0
299;Castellon;2001-01-01;327687;Valencia;0.0
300;Castellon;2002-01-01;335168;Valencia;0.06185865367918834
301;Castellon;2003-01-01;342352;Valencia;0.12126148325161035
302;Castellon;2004-01-01;351300;Valencia;0.19525041963997783
303;Castellon;2005-01-01;365963;Valencia;0.3164953653555157
304;Castellon;2006-01-01;378128;Valencia;0.4170849285165003
305;Castellon;2007-01-01;392752;Valencia;0.5380073922786244
306;Castellon;2008-01-01;409936;Valencia;0.6800979022135492
307;Castellon;2009-01-01;420937;Valencia;0.7710626193803385
308;Castellon;2010-01-01;421109;Valencia;0.7724848474825736
309;Castellon;2011-01-01;421280;Valencia;0.7738988068167724
310;Castellon;2012-01-01;428366;Valencia;0.8324912971216418
311;Castellon;2013-01-01;428626;Valencia;0.8346411768110669
312;Castellon;2014-01-01;428939;Valencia;0.8372293012064133
313;Castellon;2015-01-01;429276;Valencia;0.8400158760346296
314;Castellon;2016-01-01;437787;Valencia;0.9103913607911557
315;Castellon;2017-01-01;438084;Valencia;0.912847184897922
316;Castellon;2018-01-01;438394;Valencia;0.9154105029891596
317;Castellon;2019-01-01;438639;Valencia;0.917436351158041
318;Castellon;2020-01-01;446872;Valencia;0.9855131184004895
319;Castellon;2021-01-01;447549;Valencia;0.991111074361031
320;Castellon;2022-01-01;447896;Valencia;0.9939803368696098
321;Castellon;2023-01-01;448624;Valencia;1.0
322;Ciudad Real;2001-01-01;235305;Castilla-La Mancha;0.0
323;Ciudad Real;2002-01-01;238289;Castilla-La Mancha;0.037119968154450914
324;Ciudad Real;2003-01-01;242591;Castilla-La Mancha;0.09063541822162512
325;Ciudad Real;2004-01-01;246251;Castilla-La Mancha;0.13616460168184305
326;Ciudad Real;2005-01-01;250370;Castilla-La Mancha;0.18740359257600636
327;Ciudad Real;2006-01-01;255519;Castilla-La Mancha;0.2514554411106135
328;Ciudad Real;2007-01-01;263439;Castilla-La Mancha;0.34997760859829824
329;Ciudad Real;2008-01-01;272541;Castilla-La Mancha;0.46320346320346323
330;Ciudad Real;2009-01-01;279175;Castilla-La Mancha;0.5457282181420112
331;Ciudad Real;2010-01-01;285384;Castilla-La Mancha;0.6229661143454247
332;Ciudad Real;2011-01-01;286307;Castilla-La Mancha;0.6344479275513758
333;Ciudad Real;2012-01-01;294230;Castilla-La Mancha;0.7330074140418968
334;Ciudad Real;2013-01-01;294912;Castilla-La Mancha;0.7414912673533364
335;Ciudad Real;2014-01-01;295367;Castilla-La Mancha;0.7471513161168334
336;Ciudad Real;2015-01-01;295961;Castilla-La Mancha;0.7545404786784097
337;Ciudad Real;2016-01-01;304685;Castilla-La Mancha;0.8630641389262079
338;Ciudad Real;2017-01-01;305153;Castilla-La Mancha;0.868885903368662
339;Ciudad Real;2018-01-01;305586;Castilla-La Mancha;0.8742722794446932
340;Ciudad Real;2019-01-01;305778;Castilla-La Mancha;0.8766606956262128
341;Ciudad Real;2020-01-01;313180;Castilla-La Mancha;0.9687391152908394
342;Ciudad Real;2021-01-01;313688;Castilla-La Mancha;0.9750584664377768
343;Ciudad Real;2022-01-01;314947;Castilla-La Mancha;0.9907200079613873
344;Ciudad Real;2023-01-01;315693;Castilla-La Mancha;1.0
345;Cordoba;2001-01-01;337587;Andalucia;0.0
346;Cordoba;2002-01-01;341987;Andalucia;0.05509089998497521
347;Cordoba;2003-01-01;346338;Andalucia;0.1095682876746632
348;Cordoba;2004-01-01;351950;Andalucia;0.17983422647368158
349;Cordoba;2005-01-01;357730;Andalucia;0.252203635999399
350;Cordoba;2006-01-01;364306;Andalucia;0.33453949015876194
351;Cordoba;2007-01-01;371006;Andalucia;0.4184279060449742
352;Cordoba;2008-01-01;378732;Andalucia;0.5151625181549557
353;Cordoba;2009-01-01;383501;Andalucia;0.5748735413432163
354;Cordoba;2010-01-01;386829;Andalucia;0.6165422947863975
355;Cordoba;2011-01-01;396578;Andalucia;0.7386062002303801
356;Cordoba;2012-01-01;401465;Andalucia;0.7997946611909651
357;Cordoba;2013-01-01;402798;Andalucia;0.816484699754595
358;Cordoba;2014-01-01;403300;Andalucia;0.8227700706165173
359;Cordoba;2015-01-01;404094;Andalucia;0.8327114739319877
360;Cordoba;2016-01-01;407803;Andalucia;0.8791505984875044
361;Cordoba;2017-01-01;408682;Andalucia;0.890156257825412
362;Cordoba;2018-01-01;409240;Andalucia;0.8971427855962338
363;Cordoba;2019-01-01;409919;Andalucia;0.9056443131166425
364;Cordoba;2020-01-01;414025;Andalucia;0.9570541393298944
365;Cordoba;2021-01-01;415131;Andalucia;0.9709019882806631
366;Cordoba;2022-01-01;416211;Andalucia;0.984424300095157
367;Cordoba;2023-01-01;417455;Andalucia;1.0
368;Cuenca;2001-01-01;136690;Castilla-La Mancha;0.0
369;Cuenca;2002-01-01;137605;Castilla-La Mancha;0.031175468483816013
370;Cuenca;2003-01-01;138616;Castilla-La Mancha;0.06562180579216355
371;Cuenca;2004-01-01;140426;Castilla-La Mancha;0.12729131175468483
372;Cuenca;2005-01-01;141883;Castilla-La Mancha;0.1769335604770017
373;Cuenca;2006-01-01;145277;Castilla-La Mancha;0.292572402044293
374;Cuenca;2007-01-01;148415;Castilla-La Mancha;0.39948892674616693
375;Cuenca;2008-01-01;151164;Castilla-La Mancha;0.49315161839863714
376;Cuenca;2009-01-01;153893;Castilla-La Mancha;0.5861328790459966
377;Cuenca;2010-01-01;155520;Castilla-La Mancha;0.6415672913117547
378;Cuenca;2011-01-01;156879;Castilla-La Mancha;0.6878705281090289
379;Cuenca;2012-01-01;159403;Castilla-La Mancha;0.7738671209540035
380;Cuenca;2013-01-01;159995;Castilla-La Mancha;0.7940374787052811
381;Cuenca;2014-01-01;160435;Castilla-La Mancha;0.8090289608177172
382;Cuenca;2015-01-01;160826;Castilla-La Mancha;0.8223509369676321
383;Cuenca;2016-01-01;163099;Castilla-La Mancha;0.8997955706984668
384;Cuenca;2017-01-01;163296;Castilla-La Mancha;0.9065076660988075
385;Cuenca;2018-01-01;163608;Castilla-La Mancha;0.9171379897785349
386;Cuenca;2019-01-01;163691;Castilla-La Mancha;0.9199659284497445
387;Cuenca;2020-01-01;165616;Castilla-La Mancha;0.9855536626916525
388;Cuenca;2021-01-01;165672;Castilla-La Mancha;0.9874616695059625
389;Cuenca;2022-01-01;165768;Castilla-La Mancha;0.990732538330494
390;Cuenca;2023-01-01;166040;Castilla-La Mancha;1.0
391;Girona;2001-01-01;414900;Cataluna;0.0
392;Girona;2002-01-01;423191;Cataluna;0.08599373534963801
393;Girona;2003-01-01;430823;Cataluna;0.1651523637645985
394;Girona;2004-01-01;442606;Cataluna;0.2873649055116477
395;Girona;2005-01-01;454511;Cataluna;0.41084282365631547
396;Girona;2006-01-01;464697;Cataluna;0.5164913809197834
397;Girona;2007-01-01;476518;Cataluna;0.6390980562988777
398;Girona;2008-01-01;488252;Cataluna;0.7608023730993424
399;Girona;2009-01-01;490623;Cataluna;0.785394237351422
400;Girona;2010-01-01;490948;Cataluna;0.7887651170991765
401;Girona;2011-01-01;491292;Cataluna;0.7923330636629535
402;Girona;2012-01-01;494862;Cataluna;0.8293608811998258
403;Girona;2013-01-01;495587;Cataluna;0.8368805360217396
404;Girona;2014-01-01;496314;Cataluna;0.8444209347190242
405;Girona;2015-01-01;497239;Cataluna;0.8540149770780178
406;Girona;2016-01-01;500319;Cataluna;0.8859605451490448
407;Girona;2017-01-01;501606;Cataluna;0.8993092289501524
408;Girona;2018-01-01;502795;Cataluna;0.9116414628580911
409;Girona;2019-01-01;504111;Cataluna;0.9252909328520754
410;Girona;2020-01-01;507421;Cataluna;0.9596220465907441
411;Girona;2021-01-01;508632;Cataluna;0.9721824631277616
412;Girona;2022-01-01;509855;Cataluna;0.9848673429170037
413;Girona;2023-01-01;511314;Cataluna;1.0
414;Granada;2001-01-01;442424;Andalucia;0.0
415;Granada;2002-01-01;445174;Andalucia;0.0202881657284927
416;Granada;2003-01-01;448134;Andalucia;0.04212560956716121
417;Granada;2004-01-01;459428;Andalucia;0.12544726183537813
418;Granada;2005-01-01;469933;Andalucia;0.20294805491822024
419;Granada;2006-01-01;482178;Andalucia;0.29328572377109047
420;Granada;2007-01-01;497338;Andalucia;0.40512884829616297
421;Granada;2008-01-01;514537;Andalucia;0.5320147255195615
422;Granada;2009-01-01;525084;Andalucia;0.6098253742244387
423;Granada;2010-01-01;530222;Andalucia;0.6477310453200735
424;Granada;2011-01-01;532668;Andalucia;0.6657764465462165
425;Granada;2012-01-01;543534;Andalucia;0.7459405224755988
426;Granada;2013-01-01;544372;Andalucia;0.7521228798866814
427;Granada;2014-01-01;545043;Andalucia;0.7570731923244336
428;Granada;2015-01-01;545671;Andalucia;0.7617062716253403
429;Granada;2016-01-01;558476;Andalucia;0.8561753487720126
430;Granada;2017-01-01;560099;Andalucia;0.8681490553092285
431;Granada;2018-01-01;561091;Andalucia;0.8754675500011067
432;Granada;2019-01-01;561826;Andalucia;0.880890023386722
433;Granada;2020-01-01;573692;Andalucia;0.9684316141264654
434;Granada;2021-01-01;575200;Andalucia;0.9795569064604898
435;Granada;2022-01-01;576583;Andalucia;0.989760009443219
436;Granada;2023-01-01;577971;Andalucia;1.0
437;Guadalajara;2001-01-01;126114;Castilla-La Mancha;0.0
438;Guadalajara;2002-01-01;129033;Castilla-La Mancha;0.04492635402397919
439;Guadalajara;2003-01-01;131962;Castilla-La Mancha;0.0900066181336863
440;Guadalajara;2004-01-01;137030;Castilla-La Mancha;0.16800824958059501
441;Guadalajara;2005-01-01;141728;Castilla-La Mancha;0.24031520785557078
442;Guadalajara;2006-01-01;147253;Castilla-La Mancha;0.32535053022024535
443;Guadalajara;2007-01-01;155682;Castilla-La Mancha;0.4550813414803072
444;Guadalajara;2008-01-01;162053;Castilla-La Mancha;0.5531374570975636
445;Guadalajara;2009-01-01;167147;Castilla-La Mancha;0.6315392547673649
446;Guadalajara;2010-01-01;171504;Castilla-La Mancha;0.6985978791190187
447;Guadalajara;2011-01-01;173587;Castilla-La Mancha;0.730657349976144
448;Guadalajara;2012-01-01;177725;Castilla-La Mancha;0.7943453434503563
449;Guadalajara;2013-01-01;178193;Castilla-La Mancha;0.8015483354624229
450;Guadalajara;2014-01-01;178755;Castilla-La Mancha;0.8101980822803319
451;Guadalajara;2015-01-01;179130;Castilla-La Mancha;0.8159697104951288
452;Guadalajara;2016-01-01;182952;Castilla-La Mancha;0.8747941452603389
453;Guadalajara;2017-01-01;183253;Castilla-La Mancha;0.8794268388407492
454;Guadalajara;2018-01-01;183756;Castilla-La Mancha;0.8871685161528635
455;Guadalajara;2019-01-01;184296;Castilla-La Mancha;0.895479660782171
456;Guadalajara;2020-01-01;187779;Castilla-La Mancha;0.9490865436412048
457;Guadalajara;2021-01-01;189016;Castilla-La Mancha;0.9681252212457482
458;Guadalajara;2022-01-01;189584;Castilla-La Mancha;0.976867314115094
459;Guadalajara;2023-01-01;191087;Castilla-La Mancha;1.0
460;Guipuzcoa;2001-01-01;296395;Pais Vasco;0.0
461;Guipuzcoa;2002-01-01;300410;Pais Vasco;0.0678817184303515
462;Guipuzcoa;2003-01-01;303034;Pais Vasco;0.1122457605626659
463;Guipuzcoa;2004-01-01;305401;Pais Vasco;0.15226469643430773
464;Guipuzcoa;2005-01-01;309690;Pais Vasco;0.22477894060560974
465;Guipuzcoa;2006-01-01;313878;Pais Vasco;0.2955855749234957
466;Guipuzcoa;2007-01-01;317083;Pais Vasco;0.3497726004700154
467;Guipuzcoa;2008-01-01;320600;Pais Vasco;0.40923461883104806
468;Guipuzcoa;2009-01-01;323396;Pais Vasco;0.45650666982264526
469;Guipuzcoa;2010-01-01;324814;Pais Vasco;0.4804808358834768
470;Guipuzcoa;2011-01-01;328602;Pais Vasco;0.544524658900705
471;Guipuzcoa;2012-01-01;332836;Pais Vasco;0.6161090165181666
472;Guipuzcoa;2013-01-01;335157;Pais Vasco;0.6553502290902328
473;Guipuzcoa;2014-01-01;336957;Pais Vasco;0.6857828799431924
474;Guipuzcoa;2015-01-01;338891;Pais Vasco;0.7184810725818723
475;Guipuzcoa;2016-01-01;341742;Pais Vasco;0.7666830101273099
476;Guipuzcoa;2017-01-01;343982;Pais Vasco;0.8045547534109929
477;Guipuzcoa;2018-01-01;345681;Pais Vasco;0.8332797944105365
478;Guipuzcoa;2019-01-01;347393;Pais Vasco;0.8622246267773513
479;Guipuzcoa;2020-01-01;350286;Pais Vasco;0.9111366595093581
480;Guipuzcoa;2021-01-01;351859;Pais Vasco;0.9377314149491944
481;Guipuzcoa;2022-01-01;353947;Pais Vasco;0.9730332899386275
482;Guipuzcoa;2023-01-01;355542;Pais Vasco;1.0
483;Huelva;2001-01-01;235307;Andalucia;0.0
484;Huelva;2002-01-01;243437;Andalucia;0.09326817180616741
485;Huelva;2003-01-01;250715;Andalucia;0.17676211453744495
486;Huelva;2004-01-01;256702;Andalucia;0.2454455763582966
487;Huelva;2005-01-01;263357;Andalucia;0.32179240088105726
488;Huelva;2006-01-01;268304;Andalucia;0.37854487885462557
489;Huelva;2007-01-01;275604;Andalucia;0.4622912077826725
490;Huelva;2008-01-01;282619;Andalucia;0.5427679882525698
491;Huelva;2009-01-01;285964;Andalucia;0.5811421622613803
492;Huelva;2010-01-01;287809;Andalucia;0.6023081864904553
493;Huelva;2011-01-01;288375;Andalucia;0.6088013950073421
494;Huelva;2012-01-01;296919;Andalucia;0.7068190161527166
495;Huelva;2013-01-01;297718;Andalucia;0.7159852239353891
496;Huelva;2014-01-01;298198;Andalucia;0.7214918318649045
497;Huelva;2015-01-01;299061;Andalucia;0.7313922540381792
498;Huelva;2016-01-01;309554;Andalucia;0.8517689977973568
499;Huelva;2017-01-01;309906;Andalucia;0.8558071769456681
500;Huelva;2018-01-01;310397;Andalucia;0.8614399779735683
501;Huelva;2019-01-01;310831;Andalucia;0.8664188693098385
502;Huelva;2020-01-01;320045;Andalucia;0.9721227973568282
503;Huelva;2021-01-01;320823;Andalucia;0.9810480910425844
504;Huelva;2022-01-01;321388;Andalucia;0.9875298274596183
505;Huelva;2023-01-01;322475;Andalucia;1.0
506;Huesca;2001-01-01;128373;Aragon;0.0
507;Huesca;2002-01-01;131368;Aragon;0.06697526723019813
508;Huesca;2003-01-01;134109;Aragon;0.12827049510264324
509;Huesca;2004-01-01;137551;Aragon;0.20524173710809965
510;Huesca;2005-01-01;142183;Aragon;0.3088241871282258
511;Huesca;2006-01-01;145934;Aragon;0.3927053982736258
512;Huesca;2007-01-01;149905;Aragon;0.48150632854778835
513;Huesca;2008-01-01;153499;Aragon;0.5618766492240261
514;Huesca;2009-01-01;155334;Aragon;0.6029115792298403
515;Huesca;2010-01-01;156109;Aragon;0.62024240797889
516;Huesca;2011-01-01;156120;Aragon;0.6204883939353281
517;Huesca;2012-01-01;160559;Aragon;0.7197549085379489
518;Huesca;2013-01-01;161056;Aragon;0.7308690012970168
519;Huesca;2014-01-01;161352;Aragon;0.73748825976117
520;Huesca;2015-01-01;161697;Aragon;0.7452032738494566
521;Huesca;2016-01-01;166494;Aragon;0.8524755132161546
522;Huesca;2017-01-01;166899;Aragon;0.8615322688850128
523;Huesca;2018-01-01;167181;Aragon;0.8678384543136992
524;Huesca;2019-01-01;167567;Aragon;0.8764703251487097
525;Huesca;2020-01-01;171843;Aragon;0.972091775124111
526;Huesca;2021-01-01;172173;Aragon;0.9794713538172548
527;Huesca;2022-01-01;172728;Aragon;0.9918824634375419
528;Huesca;2023-01-01;173091;Aragon;1.0
529;Islas Baleares;2001-01-01;504041;Islas Baleares;0.0
530;Islas Baleares;2002-01-01;515076;Islas Baleares;0.0701053327065042
531;Islas Baleares;2003-01-01;525645;Islas Baleares;0.13725016835444645
532;Islas Baleares;2004-01-01;534557;Islas Baleares;0.19386808634994854
533;Islas Baleares;2005-01-01;544303;Islas Baleares;0.2557844046605593
534;Islas Baleares;2006-01-01;553224;Islas Baleares;0.3124594996378791
535;Islas Baleares;2007-01-01;564062;Islas Baleares;0.3813132917423732
536;Islas Baleares;2008-01-01;574529;Islas Baleares;0.44781012159638134
537;Islas Baleares;2009-01-01;581969;Islas Baleares;0.49507642656569634
538;Islas Baleares;2010-01-01;585687;Islas Baleares;0.5186968730543944
539;Islas Baleares;2011-01-01;587234;Islas Baleares;0.5285249609290624
540;Islas Baleares;2012-01-01;602777;Islas Baleares;0.6272696085282645
541;Islas Baleares;2013-01-01;604401;Islas Baleares;0.6375868772473731
542;Islas Baleares;2014-01-01;605655;Islas Baleares;0.6455535367139753
543;Islas Baleares;2015-01-01;607161;Islas Baleares;0.6551211516714738
544;Islas Baleares;2016-01-01;625245;Islas Baleares;0.770008767137212
545;Islas Baleares;2017-01-01;627116;Islas Baleares;0.781895226357318
546;Islas Baleares;2018-01-01;628885;Islas Baleares;0.7931336797834898
547;Islas Baleares;2019-01-01;632115;Islas Baleares;0.8136538632580714
548;Islas Baleares;2020-01-01;652123;Islas Baleares;0.9407646468368424
549;Islas Baleares;2021-01-01;655054;Islas Baleares;0.9593852839154797
550;Islas Baleares;2022-01-01;658589;Islas Baleares;0.981843131773884
551;Islas Baleares;2023-01-01;661447;Islas Baleares;1.0
552;Jaen;2001-01-01;299317;Andalucia;0.0
553;Jaen;2002-01-01;304534;Andalucia;0.06820321079328558
554;Jaen;2003-01-01;308666;Andalucia;0.12222193170527637
555;Jaen;2004-01-01;314615;Andalucia;0.19999477069497465
556;Jaen;2005-01-01;317926;Andalucia;0.24328034304240967
557;Jaen;2006-01-01;322764;Andalucia;0.3065287873241646
558;Jaen;2007-01-01;328854;Andalucia;0.38614495633530305
559;Jaen;2008-01-01;334721;Andalucia;0.46284578779480207
560;Jaen;2009-01-01;339374;Andalucia;0.523675678502327
561;Jaen;2010-01-01;342035;Andalucia;0.5584636301835486
562;Jaen;2011-01-01;344884;Andalucia;0.5957093552266903
563;Jaen;2012-01-01;353883;Andalucia;0.7133556450347749
564;Jaen;2013-01-01;354594;Andalucia;0.7226507347173561
565;Jaen;2014-01-01;355171;Andalucia;0.7301940072164409
566;Jaen;2015-01-01;355584;Andalucia;0.7355932646551273
567;Jaen;2016-01-01;364148;Andalucia;0.8475526852481305
568;Jaen;2017-01-01;364704;Andalucia;0.8548214192333838
569;Jaen;2018-01-01;365401;Andalucia;0.8639334832400773
570;Jaen;2019-01-01;365872;Andalucia;0.8700909899074413
571;Jaen;2020-01-01;373720;Andalucia;0.9726899545050463
572;Jaen;2021-01-01;374370;Andalucia;0.9811875751712598
573;Jaen;2022-01-01;375224;Andalucia;0.9923521414004078
574;Jaen;2023-01-01;375809;Andalucia;1.0
575;La Rioja;2001-01-01;156769;La Rioja;0.0
576;La Rioja;2002-01-01;160891;La Rioja;0.0722397476340694
577;La Rioja;2003-01-01;164544;La Rioja;0.13626007711181212
578;La Rioja;2004-01-01;168166;La Rioja;0.19973711882229234
579;La Rioja;2005-01-01;172723;La Rioja;0.2796004206098843
580;La Rioja;2006-01-01;178439;La Rioja;0.3797756747283561
581;La Rioja;2007-01-01;183619;La Rioja;0.4705573080967403
582;La Rioja;2008-01-01;190047;La Rioja;0.5832106554504031
583;La Rioja;2009-01-01;194533;La Rioja;0.6618296529968454
584;La Rioja;2010-01-01;197274;La Rioja;0.7098668068699614
585;La Rioja;2011-01-01;198973;La Rioja;0.7396424815983176
586;La Rioja;2012-01-01;202326;La Rioja;0.7984051875219068
587;La Rioja;2013-01-01;202948;La Rioja;0.8093059936908518
588;La Rioja;2014-01-01;203359;La Rioja;0.8165089379600421
589;La Rioja;2015-01-01;203696;La Rioja;0.8224150017525412
590;La Rioja;2016-01-01;206970;La Rioja;0.8797932001402033
591;La Rioja;2017-01-01;207404;La Rioja;0.8873992288818787
592;La Rioja;2018-01-01;208059;La Rioja;0.8988783736417806
593;La Rioja;2019-01-01;208590;La Rioja;0.9081843673326323
594;La Rioja;2020-01-01;211333;La Rioja;0.9562565720294427
595;La Rioja;2021-01-01;212224;La Rioja;0.9718717139852786
596;La Rioja;2022-01-01;212935;La Rioja;0.9843322818086225
597;La Rioja;2023-01-01;213829;La Rioja;1.0
598;Las Palmas;2001-01-01;435004;Canarias;0.0
599;Las Palmas;2002-01-01;447642;Canarias;0.10459582709162688
600;Las Palmas;2003-01-01;459118;Canarias;0.19957459839274336
601;Las Palmas;2004-01-01;471724;Canarias;0.30390558401681744
602;Las Palmas;2005-01-01;483296;Canarias;0.39967887972059224
603;Las Palmas;2006-01-01;495664;Canarias;0.5020401069297425
604;Las Palmas;2007-01-01;505225;Canarias;0.5811697716569972
605;Las Palmas;2008-01-01;519915;Canarias;0.7027485578554462
606;Las Palmas;2009-01-01;528227;Canarias;0.7715411290522813
607;Las Palmas;2010-01-01;530966;Canarias;0.7942099034156272
608;Las Palmas;2011-01-01;532353;Canarias;0.8056891257748682
609;Las Palmas;2012-01-01;536842;Canarias;0.8428414178950069
610;Las Palmas;2013-01-01;537213;Canarias;0.845911923659447
611;Las Palmas;2014-01-01;537506;Canarias;0.8483368783467271
612;Las Palmas;2015-01-01;537900;Canarias;0.8515977389159708
613;Las Palmas;2016-01-01;543158;Canarias;0.8951145025532373
614;Las Palmas;2017-01-01;544144;Canarias;0.9032749302722074
615;Las Palmas;2018-01-01;545666;Canarias;0.9158714525726865
616;Las Palmas;2019-01-01;546521;Canarias;0.9229476855338624
617;Las Palmas;2020-01-01;551237;Canarias;0.9619786968144537
618;Las Palmas;2021-01-01;552780;Canarias;0.9747490213280144
619;Las Palmas;2022-01-01;554610;Canarias;0.9898946427536892
620;Las Palmas;2023-01-01;555831;Canarias;1.0
621;Leon;2001-01-01;276574;Castilla y Leon;0.0
622;Leon;2002-01-01;281363;Castilla y Leon;0.06046335458620036
623;Leon;2003-01-01;286625;Castilla y Leon;0.12689855438419292
624;Leon;2004-01-01;291937;Castilla y Leon;0.1939650274603876
625;Leon;2005-01-01;297313;Castilla y Leon;0.26183953033268104
626;Leon;2006-01-01;304524;Castilla y Leon;0.35288176251499276
627;Leon;2007-01-01;311098;Castilla y Leon;0.4358815731330093
628;Leon;2008-01-01;318292;Castilla y Leon;0.5267091724007322
629;Leon;2009-01-01;321715;Castilla y Leon;0.5699261410264503
630;Leon;2010-01-01;324067;Castilla y Leon;0.5996212360330787
631;Leon;2011-01-01;325538;Castilla y Leon;0.6181932958777855
632;Leon;2012-01-01;333926;Castilla y Leon;0.7240957010289755
633;Leon;2013-01-01;334438;Castilla y Leon;0.7305599393977653
634;Leon;2014-01-01;334979;Castilla y Leon;0.7373903162679124
635;Leon;2015-01-01;335664;Castilla y Leon;0.7460387601792816
636;Leon;2016-01-01;345134;Castilla y Leon;0.8656019190707658
637;Leon;2017-01-01;345368;Castilla y Leon;0.8685562780127517
638;Leon;2018-01-01;345627;Castilla y Leon;0.8718262735938388
639;Leon;2019-01-01;346105;Castilla y Leon;0.8778612461334512
640;Leon;2020-01-01;354725;Castilla y Leon;0.986692759295499
641;Leon;2021-01-01;355029;Castilla y Leon;0.990530900826968
642;Leon;2022-01-01;355298;Castilla y Leon;0.9939271510636954
643;Leon;2023-01-01;355779;Castilla y Leon;1.0
644;Lleida;2001-01-01;194549;Cataluna;0.0
645;Lleida;2002-01-01;198366;Cataluna;0.060711615848324345
646;Lleida;2003-01-01;202047;Cataluna;0.1192600722113534
647;Lleida;2004-01-01;207855;Cataluna;0.21163970670102272
648;Lleida;2005-01-01;214511;Cataluna;0.3175072768048862
649;Lleida;2006-01-01;220561;Cataluna;0.41373606273162505
650;Lleida;2007-01-01;228385;Cataluna;0.5381813554739069
651;Lleida;2008-01-01;236837;Cataluna;0.6726153552512287
652;Lleida;2009-01-01;240868;Cataluna;0.736730766172003
653;Lleida;2010-01-01;243874;Cataluna;0.7845429530308091
654;Lleida;2011-01-01;245114;Cataluna;0.804265877749678
655;Lleida;2012-01-01;248540;Cataluna;0.8587584100777783
656;Lleida;2013-01-01;248919;Cataluna;0.8647866265845938
657;Lleida;2014-01-01;249327;Cataluna;0.8712761050404797
658;Lleida;2015-01-01;249864;Cataluna;0.879817403890506
659;Lleida;2016-01-01;251896;Cataluna;0.9121375514943296
660;Lleida;2017-01-01;252420;Cataluna;0.9204720777464968
661;Lleida;2018-01-01;252828;Cataluna;0.9269615562023826
662;Lleida;2019-01-01;253551;Cataluna;0.9384612937602392
663;Lleida;2020-01-01;256081;Cataluna;0.9787024224205119
664;Lleida;2021-01-01;256561;Cataluna;0.9863371029568482
665;Lleida;2022-01-01;257028;Cataluna;0.9937650108953253
666;Lleida;2023-01-01;257420;Cataluna;1.0
667;Lugo;2001-01-01;186437;Galicia;0.0
668;Lugo;2002-01-01;189997;Galicia;0.04266743372165492
669;Lugo;2003-01-01;192965;Galicia;0.07823960880195599
670;Lugo;2004-01-01;196247;Galicia;0.11757514741838056
671;Lugo;2005-01-01;200097;Galicia;0.16371829905556354
672;Lugo;2006-01-01;203591;Galicia;0.20559470732058105
673;Lugo;2007-01-01;209292;Galicia;0.2739225274461863
674;Lugo;2008-01-01;216552;Galicia;0.3609353276763028
675;Lugo;2009-01-01;221307;Galicia;0.41792511625677164
676;Lugo;2010-01-01;223367;Galicia;0.44261469869121245
677;Lugo;2011-01-01;224352;Galicia;0.45442015436981636
678;Lugo;2012-01-01;236907;Galicia;0.6048947696437988
679;Lugo;2013-01-01;237500;Galicia;0.6120020135193441
680;Lugo;2014-01-01;237783;Galicia;0.6153938347955319
681;Lugo;2015-01-01;237958;Galicia;0.6174912507790402
682;Lugo;2016-01-01;253840;Galicia;0.8078407402080636
683;Lugo;2017-01-01;254087;Galicia;0.8108010930533582
684;Lugo;2018-01-01;254444;Galicia;0.8150798216597153
685;Lugo;2019-01-01;254764;Galicia;0.8189150966009876
686;Lugo;2020-01-01;269067;Galicia;0.9903399012416703
687;Lugo;2021-01-01;269354;Galicia;0.9937796634546239
688;Lugo;2022-01-01;269607;Galicia;0.9968119277050673
689;Lugo;2023-01-01;269873;Galicia;1.0
690;Madrid;2001-01-01;2482885;Comunidad de Madrid;0.0
691;Madrid;2002-01-01;2517059;Comunidad de Madrid;0.06404482800625944
692;Madrid;2003-01-01;2552919;Comunidad de Madrid;0.13124935578481808
693;Madrid;2004-01-01;2612769;Comunidad de Madrid;0.24341307545985252
694;Madrid;2005-01-01;2675087;Comunidad de Madrid;0.3602020258810521
695;Madrid;2006-01-01;2741442;Comunidad de Madrid;0.48455663939879495
696;Madrid;2007-01-01;2792090;Comunidad de Madrid;0.5794750700437598
697;Madrid;2008-01-01;2831768;Comunidad de Madrid;0.6538348372829581
698;Madrid;2009-01-01;2867105;Comunidad de Madrid;0.720059220944724
699;Madrid;2010-01-01;2885861;Comunidad de Madrid;0.7552094753511558
700;Madrid;2011-01-01;2900061;Comunidad de Madrid;0.7818214188663687
701;Madrid;2012-01-01;2923510;Comunidad de Madrid;0.8257667331965255
702;Madrid;2013-01-01;2932915;Comunidad de Madrid;0.8433924605740308
703;Madrid;2014-01-01;2941996;Comunidad de Madrid;0.8604109858600624
704;Madrid;2015-01-01;2951813;Comunidad de Madrid;0.8788088344156149
705;Madrid;2016-01-01;2952839;Comunidad de Madrid;0.8807316410386155
706;Madrid;2017-01-01;2953865;Comunidad de Madrid;0.882654447661616
707;Madrid;2018-01-01;2954891;Comunidad de Madrid;0.8845772542846166
708;Madrid;2019-01-01;2955917;Comunidad de Madrid;0.8865000609076172
709;Madrid;2020-01-01;2956941;Comunidad de Madrid;0.8884191193695593
710;Madrid;2021-01-01;2978702;Comunidad de Madrid;0.9292009857663583
711;Madrid;2022-01-01;2998245;Comunidad de Madrid;0.9658261415493024
712;Madrid;2023-01-01;3016480;Comunidad de Madrid;1.0
713;Malaga;2001-01-01;728274;Andalucia;0.0
714;Malaga;2002-01-01;777358;Andalucia;0.1723503469198573
715;Malaga;2003-01-01;829491;Andalucia;0.35540675299867974
716;Malaga;2004-01-01;853319;Andalucia;0.4390748335627405
717;Malaga;2005-01-01;877728;Andalucia;0.5247829995224585
718;Malaga;2006-01-01;896849;Andalucia;0.5919232281805669
719;Malaga;2007-01-01;897737;Andalucia;0.5950412932947555
720;Malaga;2008-01-01;898625;Andalucia;0.5981593584089441
721;Malaga;2009-01-01;899514;Andalucia;0.6012809348577207
722;Malaga;2010-01-01;900402;Andalucia;0.6043989999719094
723;Malaga;2011-01-01;901290;Andalucia;0.6075170650860979
724;Malaga;2012-01-01;925668;Andalucia;0.6931163796735863
725;Malaga;2013-01-01;926391;Andalucia;0.6956550745807466
726;Malaga;2014-01-01;927384;Andalucia;0.6991418298266805
727;Malaga;2015-01-01;928501;Andalucia;0.7030639905615327
728;Malaga;2016-01-01;956821;Andalucia;0.802504986095115
729;Malaga;2017-01-01;959518;Andalucia;0.8119750554790864
730;Malaga;2018-01-01;962419;Andalucia;0.8221614371190202
731;Malaga;2019-01-01;966720;Andalucia;0.8372636871822242
732;Malaga;2020-01-01;996557;Andalucia;0.9420313772858788
733;Malaga;2021-01-01;1003179;Andalucia;0.9652834349279474
734;Malaga;2022-01-01;1008302;Andalucia;0.9832720020225287
735;Malaga;2023-01-01;1013066;Andalucia;1.0
736;Murcia;2001-01-01;595319;Region de Murcia;0.0
737;Murcia;2002-01-01;606145;Region de Murcia;0.042357396894208234
738;Murcia;2003-01-01;617967;Region de Murcia;0.08861170560318013
739;Murcia;2004-01-01;636440;Region de Murcia;0.1608884645932696
740;Murcia;2005-01-01;656319;Region de Murcia;0.23866628584395919
741;Murcia;2006-01-01;693797;Region de Murcia;0.38530128684166254
742;Murcia;2007-01-01;722252;Region de Murcia;0.49663324034477496
743;Murcia;2008-01-01;750719;Region de Murcia;0.6080121445926436
744;Murcia;2009-01-01;769138;Region de Murcia;0.6800776252313302
745;Murcia;2010-01-01;778071;Region de Murcia;0.7150285421402497
746;Murcia;2011-01-01;779493;Region de Murcia;0.720592205393858
747;Murcia;2012-01-01;798407;Region de Murcia;0.7945944042537375
748;Murcia;2013-01-01;799280;Region de Murcia;0.7980100709347502
749;Murcia;2014-01-01;800386;Region de Murcia;0.8023373645764456
750;Murcia;2015-01-01;801128;Region de Murcia;0.8052404856272033
751;Murcia;2016-01-01;822084;Region de Murcia;0.8872321362197608
752;Murcia;2017-01-01;822678;Region de Murcia;0.8895561980851922
753;Murcia;2018-01-01;823549;Region de Murcia;0.8929640396420788
754;Murcia;2019-01-01;824375;Region de Murcia;0.8961958159061298
755;Murcia;2020-01-01;844100;Region de Murcia;0.973371102599115
756;Murcia;2021-01-01;845876;Region de Murcia;0.9803198128230309
757;Murcia;2022-01-01;848361;Region de Murcia;0.990042529549625
758;Murcia;2023-01-01;850906;Region de Murcia;1.0
759;Navarra;2001-01-01;261147;Navarra;0.0
760;Navarra;2002-01-01;266064;Navarra;0.06347874359338489
761;Navarra;2003-01-01;270159;Navarra;0.11634542144876645
762;Navarra;2004-01-01;274267;Navarra;0.16937993002749843
763;Navarra;2005-01-01;279563;Navarra;0.2377515847093301
764;Navarra;2006-01-01;287056;Navarra;0.33448663163738235
765;Navarra;2007-01-01;293066;Navarra;0.4120760660478447
766;Navarra;2008-01-01;300192;Navarra;0.5040731225551582
767;Navarra;2009-01-01;305484;Navarra;0.5723931370144205
768;Navarra;2010-01-01;307189;Navarra;0.5944047818846099
769;Navarra;2011-01-01;309418;Navarra;0.6231812959113854
770;Navarra;2012-01-01;314054;Navarra;0.6830323138692728
771;Navarra;2013-01-01;316440;Navarra;0.7138357066318956
772;Navarra;2014-01-01;318193;Navarra;0.7364670341729173
773;Navarra;2015-01-01;319169;Navarra;0.749067248479841
774;Navarra;2016-01-01;322240;Navarra;0.7887140293574665
775;Navarra;2017-01-01;323413;Navarra;0.8038575246259312
776;Navarra;2018-01-01;324942;Navarra;0.8235969997030688
777;Navarra;2019-01-01;326778;Navarra;0.8472998618624046
778;Navarra;2020-01-01;331104;Navarra;0.9031487625711667
779;Navarra;2021-01-01;333665;Navarra;0.936211415071199
780;Navarra;2022-01-01;335724;Navarra;0.9627932196387766
781;Navarra;2023-01-01;338606;Navarra;1.0
782;Ourense;2001-01-01;197027;Galicia;0.0
783;Ourense;2002-01-01;201359;Galicia;0.05657789909491034
784;Ourense;2003-01-01;205886;Galicia;0.11570258727650293
785;Ourense;2004-01-01;211240;Galicia;0.18562827327699924
786;Ourense;2005-01-01;216158;Galicia;0.2498596000888111
787;Ourense;2006-01-01;221725;Galicia;0.3225671633993757
788;Ourense;2007-01-01;227284;Galicia;0.39517024305510207
789;Ourense;2008-01-01;233074;Galicia;0.47079028824428276
790;Ourense;2009-01-01;237366;Galicia;0.5268457690650019
791;Ourense;2010-01-01;242332;Galicia;0.5917039978058433
792;Ourense;2011-01-01;246038;Galicia;0.6401060509096608
793;Ourense;2012-01-01;253387;Galicia;0.7360873483354448
794;Ourense;2013-01-01;253841;Galicia;0.7420167957475152
795;Ourense;2014-01-01;254062;Galicia;0.7449031567124218
796;Ourense;2015-01-01;254355;Galicia;0.7487298705708726
797;Ourense;2016-01-01;263802;Galicia;0.8721120064779866
798;Ourense;2017-01-01;264032;Galicia;0.8751159115545862
799;Ourense;2018-01-01;264265;Galicia;0.8781589980017501
800;Ourense;2019-01-01;264552;Galicia;0.8819073491190722
801;Ourense;2020-01-01;272883;Galicia;0.9907140151762509
802;Ourense;2021-01-01;273062;Galicia;0.9930518369532566
803;Ourense;2022-01-01;273364;Galicia;0.9969960949234005
804;Ourense;2023-01-01;273594;Galicia;1.0
805;Palencia;2001-01-01;99300;Castilla y Leon;0.0
806;Palencia;2002-01-01;101190;Castilla y Leon;0.10693674323865565
807;Palencia;2003-01-01;102404;Castilla y Leon;0.17562521217607785
808;Palencia;2004-01-01;104031;Castilla y Leon;0.2676813398212063
809;Palencia;2005-01-01;105661;Castilla y Leon;0.35990720832861833
810;Palencia;2006-01-01;107422;Castilla y Leon;0.45954509448908
811;Palencia;2007-01-01;109123;Castilla y Leon;0.55578816340387
812;Palencia;2008-01-01;110819;Castilla y Leon;0.6517483308815208
813;Palencia;2009-01-01;111757;Castilla y Leon;0.7048206404888537
814;Palencia;2010-01-01;111994;Castilla y Leon;0.7182301686092565
815;Palencia;2011-01-01;112251;Castilla y Leon;0.7327713024782165
816;Palencia;2012-01-01;113470;Castilla y Leon;0.8017426728527781
817;Palencia;2013-01-01;113938;Castilla y Leon;0.8282222473690166
818;Palencia;2014-01-01;114378;Castilla y Leon;0.853117573837275
819;Palencia;2015-01-01;114554;Castilla y Leon;0.8630757044245785
820;Palencia;2016-01-01;115328;Castilla y Leon;0.9068688468937423
821;Palencia;2017-01-01;115423;Castilla y Leon;0.912243974199389
822;Palencia;2018-01-01;115517;Castilla y Leon;0.9175625212176078
823;Palencia;2019-01-01;115654;Castilla y Leon;0.9253140205952246
824;Palencia;2020-01-01;116431;Castilla y Leon;0.969276903926672
825;Palencia;2021-01-01;116585;Castilla y Leon;0.9779902681905625
826;Palencia;2022-01-01;116718;Castilla y Leon;0.9855154464184678
827;Palencia;2023-01-01;116974;Castilla y Leon;1.0
828;Pontevedra;2001-01-01;401155;Galicia;0.0
829;Pontevedra;2002-01-01;412113;Galicia;0.0837159555368807
830;Pontevedra;2003-01-01;421055;Galicia;0.1520302532564269
831;Pontevedra;2004-01-01;431448;Galicia;0.2314297719546201
832;Pontevedra;2005-01-01;441441;Galicia;0.30777340616524695
833;Pontevedra;2006-01-01;452452;Galicia;0.3918942663967302
834;Pontevedra;2007-01-01;463129;Galicia;0.47346346308109555
835;Pontevedra;2008-01-01;472897;Galicia;0.5480881622674663
836;Pontevedra;2009-01-01;479289;Galicia;0.5969211963787768
837;Pontevedra;2010-01-01;486274;Galicia;0.6502845792429046
838;Pontevedra;2011-01-01;489120;Galicia;0.6720271973719394
839;Pontevedra;2012-01-01;500096;Galicia;0.7558806677107606
840;Pontevedra;2013-01-01;501076;Galicia;0.7633675847052981
841;Pontevedra;2014-01-01;501984;Galicia;0.7703044424920737
842;Pontevedra;2015-01-01;502247;Galicia;0.7723136865426486
843;Pontevedra;2016-01-01;514712;Galicia;0.8675426868864357
844;Pontevedra;2017-01-01;515497;Galicia;0.8735398601932847
845;Pontevedra;2018-01-01;516139;Galicia;0.8784445547958287
846;Pontevedra;2019-01-01;517100;Galicia;0.8857863172772069
847;Pontevedra;2020-01-01;528828;Galicia;0.9753848504526529
848;Pontevedra;2021-01-01;529644;Galicia;0.9816188548072883
849;Pontevedra;2022-01-01;530880;Galicia;0.9910615378738684
850;Pontevedra;2023-01-01;532050;Galicia;1.0
851;Salamanca;2001-01-01;202479;Castilla y Leon;0.0
852;Salamanca;2002-01-01;205997;Castilla y Leon;0.07866726296958855
853;Salamanca;2003-01-01;209286;Castilla y Leon;0.15221377459749552
854;Salamanca;2004-01-01;213251;Castilla y Leon;0.24087656529516996
855;Salamanca;2005-01-01;217585;Castilla y Leon;0.3377906976744186
856;Salamanca;2006-01-01;222149;Castilla y Leon;0.4398479427549195
857;Salamanca;2007-01-01;226521;Castilla y Leon;0.5376118067978534
858;Salamanca;2008-01-01;230609;Castilla y Leon;0.6290250447227191
859;Salamanca;2009-01-01;233733;Castilla y Leon;0.6988819320214669
860;Salamanca;2010-01-01;235186;Castilla y Leon;0.7313729874776387
861;Salamanca;2011-01-01;236983;Castilla y Leon;0.771556350626118
862;Salamanca;2012-01-01;239609;Castilla y Leon;0.8302772808586762
863;Salamanca;2013-01-01;240150;Castilla y Leon;0.8423747763864043
864;Salamanca;2014-01-01;240823;Castilla y Leon;0.8574239713774597
865;Salamanca;2015-01-01;241257;Castilla y Leon;0.867128801431127
866;Salamanca;2016-01-01;243284;Castilla y Leon;0.9124552772808586
867;Salamanca;2017-01-01;243542;Castilla y Leon;0.9182245080500895
868;Salamanca;2018-01-01;243877;Castilla y Leon;0.9257155635062612
869;Salamanca;2019-01-01;244286;Castilla y Leon;0.9348613595706619
870;Salamanca;2020-01-01;246123;Castilla y Leon;0.9759391771019678
871;Salamanca;2021-01-01;246385;Castilla y Leon;0.9817978533094812
872;Salamanca;2022-01-01;246706;Castilla y Leon;0.9889758497316636
873;Salamanca;2023-01-01;247199;Castilla y Leon;1.0
874;Santa Cruz de Tenerife;2001-01-01;420018;Canarias;0.0
875;Santa Cruz de Tenerife;2002-01-01;432956;Canarias;0.10740316448340556
876;Santa Cruz de Tenerife;2003-01-01;444409;Canarias;0.20247878999186467
877;Santa Cruz de Tenerife;2004-01-01;454338;Canarias;0.2849031229765403
878;Santa Cruz de Tenerife;2005-01-01;464498;Canarias;0.3692450731350965
879;Santa Cruz de Tenerife;2006-01-01;475379;Canarias;0.4595723132606133
880;Santa Cruz de Tenerife;2007-01-01;485768;Canarias;0.5458152778469559
881;Santa Cruz de Tenerife;2008-01-01;496580;Canarias;0.6355697232322226
882;Santa Cruz de Tenerife;2009-01-01;502280;Canarias;0.682887549600704
883;Santa Cruz de Tenerife;2010-01-01;507734;Canarias;0.7281632381995982
884;Santa Cruz de Tenerife;2011-01-01;509967;Canarias;0.7467002042137769
885;Santa Cruz de Tenerife;2012-01-01;516629;Canarias;0.8020039514535704
886;Santa Cruz de Tenerife;2013-01-01;517240;Canarias;0.8070760903853498
887;Santa Cruz de Tenerife;2014-01-01;517684;Canarias;0.810761900018263
888;Santa Cruz de Tenerife;2015-01-01;518241;Canarias;0.8153857648054988
889;Santa Cruz de Tenerife;2016-01-01;525294;Canarias;0.8739353489067092
890;Santa Cruz de Tenerife;2017-01-01;526415;Canarias;0.8832411880925105
891;Santa Cruz de Tenerife;2018-01-01;528194;Canarias;0.8980093307433049
892;Santa Cruz de Tenerife;2019-01-01;530692;Canarias;0.9187461606149657
893;Santa Cruz de Tenerife;2020-01-01;537463;Canarias;0.9749547575168933
894;Santa Cruz de Tenerife;2021-01-01;538849;Canarias;0.9864604605601767
895;Santa Cruz de Tenerife;2022-01-01;539720;Canarias;0.9936909564842025
896;Santa Cruz de Tenerife;2023-01-01;540480;Canarias;1.0
897;Segovia;2001-01-01;99748;Castilla y Leon;0.0
898;Segovia;2002-01-01;101654;Castilla y Leon;0.06480127834630946
899;Segovia;2003-01-01;103810;Castilla y Leon;0.13810219970761228
900;Segovia;2004-01-01;106069;Castilla y Leon;0.21490497399109237
901;Segovia;2005-01-01;108484;Castilla y Leon;0.29701152551592835
902;Segovia;2006-01-01;111514;Castilla y Leon;0.400027198857648
903;Segovia;2007-01-01;115199;Castilla y Leon;0.5253119368986503
904;Segovia;2008-01-01;119116;Castilla y Leon;0.6584843436575664
905;Segovia;2009-01-01;121049;Castilla y Leon;0.7242035834494951
906;Segovia;2010-01-01;123013;Castilla y Leon;0.7909767789752831
907;Segovia;2011-01-01;124262;Castilla y Leon;0.83344099547819
908;Segovia;2012-01-01;125489;Castilla y Leon;0.8751572433957774
909;Segovia;2013-01-01;126140;Castilla y Leon;0.8972903138068201
910;Segovia;2014-01-01;126435;Castilla y Leon;0.9073198925645123
911;Segovia;2015-01-01;126832;Castilla y Leon;0.9208173256723218
912;Segovia;2016-01-01;127101;Castilla y Leon;0.9299629415564546
913;Segovia;2017-01-01;127405;Castilla y Leon;0.9402985074626866
914;Segovia;2018-01-01;127661;Castilla y Leon;0.9490021419100397
915;Segovia;2019-01-01;127972;Castilla y Leon;0.9595756978206915
916;Segovia;2020-01-01;128255;Castilla y Leon;0.969197293713664
917;Segovia;2021-01-01;128738;Castilla y Leon;0.9856186040186312
918;Segovia;2022-01-01;128941;Castilla y Leon;0.9925203141468059
919;Segovia;2023-01-01;129161;Castilla y Leon;1.0
920;Sevilla;2001-01-01;734843;Andalucia;0.0
921;Sevilla;2002-01-01;747174;Andalucia;0.06458421716973325
922;Sevilla;2003-01-01;761561;Andalucia;0.13993683515861918
923;Sevilla;2004-01-01;779547;Andalucia;0.23413939213005883
924;Sevilla;2005-01-01;797029;Andalucia;0.3257022243870758
925;Sevilla;2006-01-01;817618;Andalucia;0.43353812150066257
926;Sevilla;2007-01-01;837455;Andalucia;0.5374353817387615
927;Sevilla;2008-01-01;856638;Andalucia;0.6379072849069549
928;Sevilla;2009-01-01;868130;Andalucia;0.6980971984350204
929;Sevilla;2010-01-01;879388;Andalucia;0.7570615254885323
930;Sevilla;2011-01-01;884141;Andalucia;0.7819555960592681
931;Sevilla;2012-01-01;891461;Andalucia;0.820294455006835
932;Sevilla;2013-01-01;894428;Andalucia;0.8358342629982873
933;Sevilla;2014-01-01;897102;Andalucia;0.8498394691220297
934;Sevilla;2015-01-01;898518;Andalucia;0.8572558385577885
935;Sevilla;2016-01-01;900646;Andalucia;0.868401342907573
936;Sevilla;2017-01-01;902249;Andalucia;0.8767971340131672
937;Sevilla;2018-01-01;904654;Andalucia;0.8893934394460768
938;Sevilla;2019-01-01;907465;Andalucia;0.9041161897878269
939;Sevilla;2020-01-01;912899;Andalucia;0.9325770312524551
940;Sevilla;2021-01-01;916669;Andalucia;0.9523225911202594
941;Sevilla;2022-01-01;920854;Andalucia;0.9742417338382331
942;Sevilla;2023-01-01;925772;Andalucia;1.0
943;Soria;2001-01-01;65758;Castilla y Leon;0.0
944;Soria;2002-01-01;67091;Castilla y Leon;0.06698155871564243
945;Soria;2003-01-01;68558;Castilla y Leon;0.14069644741470277
946;Soria;2004-01-01;69583;Castilla y Leon;0.1922013969147279
947;Soria;2005-01-01;70471;Castilla y Leon;0.2368222702376765
948;Soria;2006-01-01;71542;Castilla y Leon;0.2906386613738003
949;Soria;2007-01-01;72819;Castilla y Leon;0.3548062911411487
950;Soria;2008-01-01;74322;Castilla y Leon;0.43033013416411237
951;Soria;2009-01-01;75087;Castilla y Leon;0.46877041354705795
952;Soria;2010-01-01;76045;Castilla y Leon;0.5169086980553741
953;Soria;2011-01-01;76819;Castilla y Leon;0.5558012160192956
954;Soria;2012-01-01;78826;Castilla y Leon;0.6566504195769057
955;Soria;2013-01-01;79226;Castilla y Leon;0.6767499120647203
956;Soria;2014-01-01;79617;Castilla y Leon;0.6963971659715592
957;Soria;2015-01-01;79924;Castilla y Leon;0.711823526455957
958;Soria;2016-01-01;81967;Castilla y Leon;0.8144816843374705
959;Soria;2017-01-01;82084;Castilla y Leon;0.8203607858901563
960;Soria;2018-01-01;82446;Castilla y Leon;0.8385508265916286
961;Soria;2019-01-01;82572;Castilla y Leon;0.8448821667252902
962;Soria;2020-01-01;84255;Castilla y Leon;0.9294507813677705
963;Soria;2021-01-01;84789;Castilla y Leon;0.956283603839003
964;Soria;2022-01-01;85148;Castilla y Leon;0.9743228983468167
965;Soria;2023-01-01;85659;Castilla y Leon;1.0
966;Tarragona;2001-01-01;438337;Cataluna;0.0
967;Tarragona;2002-01-01;447229;Cataluna;0.07452479131046967
968;Tarragona;2003-01-01;461111;Cataluna;0.19087129974186196
969;Tarragona;2004-01-01;474741;Cataluna;0.30510576955311947
970;Tarragona;2005-01-01;487538;Cataluna;0.4123587783700426
971;Tarragona;2006-01-01;499724;Cataluna;0.5144909316437024
972;Tarragona;2007-01-01;514675;Cataluna;0.6397968419993966
973;Tarragona;2008-01-01;526865;Cataluna;0.7419625196955982
974;Tarragona;2009-01-01;527219;Cataluna;0.7449294310905494
975;Tarragona;2010-01-01;527573;Cataluna;0.7478963424855007
976;Tarragona;2011-01-01;527927;Cataluna;0.7508632538804519
977;Tarragona;2012-01-01;535218;Cataluna;0.8119698950685574
978;Tarragona;2013-01-01;535548;Cataluna;0.8147356599282577
979;Tarragona;2014-01-01;536315;Cataluna;0.821163967950652
980;Tarragona;2015-01-01;536936;Cataluna;0.8263686345502699
981;Tarragona;2016-01-01;545149;Cataluna;0.8952026551342653
982;Tarragona;2017-01-01;545743;Cataluna;0.9001810318817258
983;Tarragona;2018-01-01;546366;Cataluna;0.9054024606926145
984;Tarragona;2019-01-01;547096;Cataluna;0.911520667806497
985;Tarragona;2020-01-01;554579;Cataluna;0.97423648127661
986;Tarragona;2021-01-01;555942;Cataluna;0.9856599282577357
987;Tarragona;2022-01-01;556815;Cataluna;0.9929766334774883
988;Tarragona;2023-01-01;557653;Cataluna;1.0
989;Teruel;2001-01-01;96570;Aragon;0.0
990;Teruel;2002-01-01;97633;Aragon;0.03562929445282387
991;Teruel;2003-01-01;98911;Aragon;0.07846489022959612
992;Teruel;2004-01-01;99934;Aragon;0.11275347745935982
993;Teruel;2005-01-01;101353;Aragon;0.16031506619741914
994;Teruel;2006-01-01;102704;Aragon;0.2055974526562762
995;Teruel;2007-01-01;104204;Aragon;0.25587397352103236
996;Teruel;2008-01-01;105968;Aragon;0.31499916205798556
997;Teruel;2009-01-01;107642;Aragon;0.37110775934305346
998;Teruel;2010-01-01;109171;Aragon;0.42235629294452826
999;Teruel;2011-01-01;112243;Aragon;0.5253226076755488
1000;Teruel;2012-01-01;116115;Aragon;0.6551030668677728
1001;Teruel;2013-01-01;116529;Aragon;0.6689793866264454
1002;Teruel;2014-01-01;116918;Aragon;0.6820177643707055
1003;Teruel;2015-01-01;117273;Aragon;0.6939165409753645
1004;Teruel;2016-01-01;121368;Aragon;0.8311714429361489
1005;Teruel;2017-01-01;121580;Aragon;0.8382771912183676
1006;Teruel;2018-01-01;121804;Aragon;0.8457851516675046
1007;Teruel;2019-01-01;122214;Aragon;0.8595274007038713
1008;Teruel;2020-01-01;125711;Aragon;0.9767387296799062
1009;Teruel;2021-01-01;125970;Aragon;0.9854198089492208
1010;Teruel;2022-01-01;126178;Aragon;0.9923914865091336
1011;Teruel;2023-01-01;126405;Aragon;1.0
1012;Toledo;2001-01-01;304886;Castilla-La Mancha;0.0
1013;Toledo;2002-01-01;308339;Castilla-La Mancha;0.024928888054637076
1014;Toledo;2003-01-01;311657;Castilla-La Mancha;0.048883145386025964
1015;Toledo;2004-01-01;318315;Castilla-La Mancha;0.09695048875925899
1016;Toledo;2005-01-01;328111;Castilla-La Mancha;0.1676725818328833
1017;Toledo;2006-01-01;344884;Castilla-La Mancha;0.28876503458134195
1018;Toledo;2007-01-01;370465;Castilla-La Mancha;0.4734467274066159
1019;Toledo;2008-01-01;391806;Castilla-La Mancha;0.6275177960350579
1020;Toledo;2009-01-01;406065;Castilla-La Mancha;0.7304604588705835
1021;Toledo;2010-01-01;412808;Castilla-La Mancha;0.779141458625121
1022;Toledo;2011-01-01;414430;Castilla-La Mancha;0.790851466277777
1023;Toledo;2012-01-01;421977;Castilla-La Mancha;0.8453369334507703
1024;Toledo;2013-01-01;423232;Castilla-La Mancha;0.854397389433559
1025;Toledo;2014-01-01;424193;Castilla-La Mancha;0.8613353162857185
1026;Toledo;2015-01-01;425196;Castilla-La Mancha;0.8685764615851105
1027;Toledo;2016-01-01;431619;Castilla-La Mancha;0.9149472255512078
1028;Toledo;2017-01-01;432296;Castilla-La Mancha;0.9198348181411266
1029;Toledo;2018-01-01;433046;Castilla-La Mancha;0.9252494332702832
1030;Toledo;2019-01-01;433606;Castilla-La Mancha;0.9292923459000534
1031;Toledo;2020-01-01;439385;Castilla-La Mancha;0.9710137603419149
1032;Toledo;2021-01-01;440487;Castilla-La Mancha;0.9789696348383556
1033;Toledo;2022-01-01;441864;Castilla-La Mancha;0.9889108682154872
1034;Toledo;2023-01-01;443400;Castilla-La Mancha;1.0
1035;Valencia;2001-01-01;1221074;Valencia;0.0
1036;Valencia;2002-01-01;1245345;Valencia;0.08660389005648468
1037;Valencia;2003-01-01;1265839;Valencia;0.15973067192857882
1038;Valencia;2004-01-01;1288895;Valencia;0.2419991935857957
1039;Valencia;2005-01-01;1320698;Valencia;0.3554787995132969
1040;Valencia;2006-01-01;1349898;Valencia;0.4596703692734779
1041;Valencia;2007-01-01;1382555;Valencia;0.5761972217960201
1042;Valencia;2008-01-01;1416196;Valencia;0.6962351874913025
1043;Valencia;2009-01-01;1436576;Valencia;0.7689551940567987
1044;Valencia;2010-01-01;1447454;Valencia;0.8077701219969099
1045;Valencia;2011-01-01;1453291;Valencia;0.8285977313356147
1046;Valencia;2012-01-01;1463002;Valencia;0.8632485646897624
1047;Valencia;2013-01-01;1464778;Valencia;0.8695856957820255
1048;Valencia;2014-01-01;1466008;Valencia;0.873974587247951
1049;Valencia;2015-01-01;1466979;Valencia;0.8774393137629214
1050;Valencia;2016-01-01;1476052;Valencia;0.9098136326818982
1051;Valencia;2017-01-01;1476600;Valencia;0.9117690087171234
1052;Valencia;2018-01-01;1477424;Valencia;0.9147092091788491
1053;Valencia;2019-01-01;1479139;Valencia;0.9208286798000378
1054;Valencia;2020-01-01;1488908;Valencia;0.9556864690119286
1055;Valencia;2021-01-01;1493380;Valencia;0.9716434792847891
1056;Valencia;2022-01-01;1497825;Valencia;0.987504148037666
1057;Valencia;2023-01-01;1501327;Valencia;1.0
1058;Valladolid;2001-01-01;237739;Castilla y Leon;0.0
1059;Valladolid;2002-01-01;242897;Castilla y Leon;0.08178733390416389
1060;Valladolid;2003-01-01;247121;Castilla y Leon;0.1487647860971046
1061;Valladolid;2004-01-01;251541;Castilla y Leon;0.21885009355278598
1062;Valladolid;2005-01-01;258169;Castilla y Leon;0.32394634192750454
1063;Valladolid;2006-01-01;267480;Castilla y Leon;0.47158532331208575
1064;Valladolid;2007-01-01;274556;Castilla y Leon;0.5837852408587829
1065;Valladolid;2008-01-01;280431;Castilla y Leon;0.6769416167189928
1066;Valladolid;2009-01-01;285244;Castilla y Leon;0.7532584911045571
1067;Valladolid;2010-01-01;287118;Castilla y Leon;0.7829733929534138
1068;Valladolid;2011-01-01;288292;Castilla y Leon;0.8015888117210541
1069;Valladolid;2012-01-01;290554;Castilla y Leon;0.8374559984777852
1070;Valladolid;2013-01-01;291208;Castilla y Leon;0.8478260869565217
1071;Valladolid;2014-01-01;291480;Castilla y Leon;0.8521390289537945
1072;Valladolid;2015-01-01;291796;Castilla y Leon;0.8571496527447436
1073;Valladolid;2016-01-01;293512;Castilla y Leon;0.8843592426981258
1074;Valladolid;2017-01-01;293817;Castilla y Leon;0.8891954460406558
1075;Valladolid;2018-01-01;294136;Castilla y Leon;0.8942536390448101
1076;Valladolid;2019-01-01;294773;Castilla y Leon;0.9043541686487172
1077;Valladolid;2020-01-01;296910;Castilla y Leon;0.938239304855231
1078;Valladolid;2021-01-01;298105;Castilla y Leon;0.9571877081153077
1079;Valladolid;2022-01-01;299397;Castilla y Leon;0.9776741826023531
1080;Valladolid;2023-01-01;300805;Castilla y Leon;1.0
1081;Vizcaya;2001-01-01;470595;Pais Vasco;0.0
1082;Vizcaya;2002-01-01;480028;Pais Vasco;0.10190016311803912
1083;Vizcaya;2003-01-01;486375;Pais Vasco;0.17046375214700069
1084;Vizcaya;2004-01-01;493453;Pais Vasco;0.24692398267275928
1085;Vizcaya;2005-01-01;499731;Pais Vasco;0.31474219788054575
1086;Vizcaya;2006-01-01;504729;Pais Vasco;0.36873318857957676
1087;Vizcaya;2007-01-01;511443;Pais Vasco;0.44126130213565806
1088;Vizcaya;2008-01-01;515793;Pais Vasco;0.4882522604271316
1089;Vizcaya;2009-01-01;520399;Pais Vasco;0.5380086636203563
1090;Vizcaya;2010-01-01;524928;Pais Vasco;0.5869332728392261
1091;Vizcaya;2011-01-01;534551;Pais Vasco;0.6908859145952836
1092;Vizcaya;2012-01-01;537975;Pais Vasco;0.7278737401562044
1093;Vizcaya;2013-01-01;540149;Pais Vasco;0.7513584167827937
1094;Vizcaya;2014-01-01;542394;Pais Vasco;0.7756100722688531
1095;Vizcaya;2015-01-01;545883;Pais Vasco;0.8133000615743592
1096;Vizcaya;2016-01-01;548232;Pais Vasco;0.8386751790517548
1097;Vizcaya;2017-01-01;549636;Pais Vasco;0.853841915934796
1098;Vizcaya;2018-01-01;551986;Pais Vasco;0.8792278359313392
1099;Vizcaya;2019-01-01;554499;Pais Vasco;0.9063745665489192
1100;Vizcaya;2020-01-01;556704;Pais Vasco;0.93019412126908
1101;Vizcaya;2021-01-01;559330;Pais Vasco;0.9585615365503235
1102;Vizcaya;2022-01-01;561645;Pais Vasco;0.9835693683767055
1103;Vizcaya;2023-01-01;563166;Pais Vasco;1.0
1104;Zamora;2001-01-01;116042;Castilla y Leon;0.0
1105;Zamora;2002-01-01;121398;Castilla y Leon;0.13411794165518967
1106;Zamora;2003-01-01;122697;Castilla y Leon;0.1666457994240641
1107;Zamora;2004-01-01;125222;Castilla y Leon;0.22987354450982847
1108;Zamora;2005-01-01;127256;Castilla y Leon;0.280806310254163
1109;Zamora;2006-01-01;129957;Castilla y Leon;0.34844121697758856
1110;Zamora;2007-01-01;132639;Castilla y Leon;0.4156003505696757
1111;Zamora;2008-01-01;134406;Castilla y Leon;0.45984725178414926
1112;Zamora;2009-01-01;135775;Castilla y Leon;0.49412795793163894
1113;Zamora;2010-01-01;136810;Castilla y Leon;0.5200450732440215
1114;Zamora;2011-01-01;139048;Castilla y Leon;0.5760861399774634
1115;Zamora;2012-01-01;144063;Castilla y Leon;0.7016652059596845
1116;Zamora;2013-01-01;144413;Castilla y Leon;0.7104294478527607
1117;Zamora;2014-01-01;144709;Castilla y Leon;0.7178414924251909
1118;Zamora;2015-01-01;145060;Castilla y Leon;0.7266307750093902
1119;Zamora;2016-01-01;150665;Castilla y Leon;0.8669838487542256
1120;Zamora;2017-01-01;150807;Castilla y Leon;0.8705396268937022
1121;Zamora;2018-01-01;150906;Castilla y Leon;0.8730186553148866
1122;Zamora;2019-01-01;150980;Castilla y Leon;0.8748716664579942
1123;Zamora;2020-01-01;155610;Castilla y Leon;0.9908100663578315
1124;Zamora;2021-01-01;155730;Castilla y Leon;0.9938149492926005
1125;Zamora;2022-01-01;155844;Castilla y Leon;0.996669588080631
1126;Zamora;2023-01-01;155977;Castilla y Leon;1.0
1127;Zaragoza;2001-01-01;432612;Aragon;0.0
1128;Zaragoza;2002-01-01;442515;Aragon;0.08495543335592406
1129;Zaragoza;2003-01-01;452767;Aragon;0.172904853002994
1130;Zaragoza;2004-01-01;459155;Aragon;0.22770595451542888
1131;Zaragoza;2005-01-01;466274;Aragon;0.2887781276004358
1132;Zaragoza;2006-01-01;473667;Aragon;0.35220088018049706
1133;Zaragoza;2007-01-01;480336;Aragon;0.40941261248895483
1134;Zaragoza;2008-01-01;492702;Aragon;0.5154975250285244
1135;Zaragoza;2009-01-01;502204;Aragon;0.5970128767146791
1136;Zaragoza;2010-01-01;508635;Aragon;0.6521828647902065
1137;Zaragoza;2011-01-01;510754;Aragon;0.6703612514691122
1138;Zaragoza;2012-01-01;520293;Aragon;0.752194017174672
1139;Zaragoza;2013-01-01;521463;Aragon;0.7622311631936998
1140;Zaragoza;2014-01-01;523181;Aragon;0.7769694682028362
1141;Zaragoza;2015-01-01;524319;Aragon;0.7867320939888648
1142;Zaragoza;2016-01-01;532071;Aragon;0.8532346204328841
1143;Zaragoza;2017-01-01;533367;Aragon;0.8643526898693455
1144;Zaragoza;2018-01-01;535857;Aragon;0.885713795499584
1145;Zaragoza;2019-01-01;537014;Aragon;0.8956394176739557
1146;Zaragoza;2020-01-01;543799;Aragon;0.9538462858270351
1147;Zaragoza;2021-01-01;545762;Aragon;0.9706863863700704
1148;Zaragoza;2022-01-01;547525;Aragon;0.9858107354568617
1149;Zaragoza;2023-01-01;549179;Aragon;1.0
